0.539550781,2.08203125,3.5703125,5.636230469,58.29101563,104.93264644124059,809.6111111111111,4.541896508926043
0.712402344,2.08203125,3.5703125,5.636230469,58.29101563,152.86172301051715,841.2647058823529,4.925437626901773
0.539550781,9.75390625,3.5703125,5.636230469,58.29101563,81.7201318194894,820.1666666666666,6.521111469114436
0.539550781,2.08203125,5.3984375,5.636230469,58.29101563,109.73841251095755,797.9074074074074,3.0516345872266166
0.539550781,2.08203125,3.5703125,2.410644531,58.29101563,104.93264644124059,809.6111111111111,4.541896508926043
0.539550781,2.08203125,3.5703125,5.636230469,72.52929688,96.36811659720932,821.25,4.203232809872093
0.539550781,9.75390625,5.3984375,2.410644531,72.52929688,92.2461461982766,784.5294117647059,2.8615548773474635
0.712402344,2.08203125,5.3984375,2.410644531,72.52929688,156.57526391669887,852.5238095238095,5.418145154787359
0.712402344,9.75390625,3.5703125,2.410644531,72.52929688,130.7212209208049,834.0714285714286,8.109199690440525
0.712402344,9.75390625,5.3984375,5.636230469,72.52929688,127.74546777481035,848.5,4.829712689189586
0.712402344,9.75390625,5.3984375,2.410644531,58.29101563,132.5039646105427,842.4117647058823,4.689516540152037
0.712402344,9.75390625,5.3984375,2.410644531,72.52929688,127.74546777481035,848.5,4.829712689189586
0.039550781,6.08203125,27.5703125,1.136230469,28.29101563,7.111242600867744,689.425925925926,0.04025388854307196
0.212402344,6.08203125,27.5703125,1.136230469,28.29101563,41.02003554648102,835.6818181818181,0.0827653372614394
0.039550781,5.75390625,27.5703125,1.136230469,28.29101563,7.111242600867744,689.425925925926,0.04025388854307196
0.039550781,6.08203125,29.3984375,1.136230469,28.29101563,7.292792791115947,667.925925925926,0.2846475452709655
0.039550781,6.08203125,27.5703125,6.910644531,28.29101563,7.111242600867744,689.425925925926,0.04025388854307196
0.039550781,6.08203125,27.5703125,1.136230469,42.52929688,9.59116935572347,672.2439024390244,0.046032838455347426
0.039550781,5.75390625,29.3984375,6.910644531,42.52929688,9.69005036162508,631.2439024390244,0.12143557832657222
0.212402344,6.08203125,29.3984375,6.910644531,42.52929688,41.152623160399386,799.2647058823529,0.039330675582538104
0.212402344,5.75390625,27.5703125,6.910644531,42.52929688,39.35880977796541,835.0441176470588,0.083184341289031
0.212402344,5.75390625,29.3984375,1.136230469,42.52929688,41.152623160399386,799.2647058823529,0.039330675582538104
0.212402344,5.75390625,29.3984375,6.910644531,28.29101563,42.828655502209244,802.0227272727273,0.13995672506764395
0.212402344,5.75390625,29.3984375,6.910644531,42.52929688,41.152623160399386,799.2647058823529,0.039330675582538104
0.055175781,4.45703125,41.8203125,5.214355469,79.85351563,10.365130158454145,698.9013157894736,0.00880083340218273
0.071777344,4.45703125,41.8203125,5.214355469,79.85351563,14.393740365521381,781.6418918918919,0.009913278538573938
0.055175781,9.37890625,41.8203125,5.214355469,79.85351563,12.123061047320284,462.5131578947368,0.043457874843413034
0.055175781,4.45703125,36.1484375,5.214355469,79.85351563,10.917853813339173,582.3486842105264,0.01611977272877092
0.055175781,4.45703125,41.8203125,5.363769531,79.85351563,10.365130158454145,698.9013157894736,0.00880083340218273
0.055175781,4.45703125,41.8203125,5.214355469,77.21679688,11.389059289464962,581.8561643835617,0.019416926363851693
0.055175781,9.37890625,36.1484375,5.363769531,77.21679688,9.542047404678437,773.5410958904109,0.006178760011784724
0.071777344,4.45703125,36.1484375,5.363769531,77.21679688,19.051136119579212,459.53521126760563,0.07279539619879524
0.071777344,9.37890625,41.8203125,5.363769531,77.21679688,22.09099068273464,351.85915492957747,0.28245561737011615
0.071777344,9.37890625,36.1484375,5.214355469,77.21679688,16.121313770205845,667.7464788732394,0.016243649153878444
0.071777344,9.37890625,36.1484375,5.363769531,79.85351563,17.175720941071575,544.0337837837837,0.04230857283004046
0.071777344,9.37890625,36.1484375,5.363769531,77.21679688,16.121313770205845,667.7464788732394,0.016243649153878444
0.555175781,8.45703125,17.8203125,9.714355469,49.85351563,106.13100590432617,854.6136363636364,0.8127238841210609
0.571777344,8.45703125,17.8203125,9.714355469,49.85351563,107.23350313892065,860.6190476190476,1.571424604937909
0.555175781,5.37890625,17.8203125,9.714355469,49.85351563,127.00880754199412,801.6363636363636,1.6404568336523886
0.555175781,8.45703125,12.1484375,9.714355469,49.85351563,97.49275152798374,866.9318181818181,2.0352254966843306
0.555175781,8.45703125,17.8203125,9.863769531,49.85351563,106.13100590432617,854.6136363636364,0.8127238841210609
0.555175781,8.45703125,17.8203125,9.714355469,47.21679688,117.93262837377831,820.0,1.4135387205253538
0.555175781,5.37890625,12.1484375,9.863769531,47.21679688,103.7134671838049,856.3571428571429,1.0526019596877936
0.571777344,8.45703125,12.1484375,9.863769531,47.21679688,104.65470662255123,863.275,1.8139333089109742
0.571777344,5.37890625,17.8203125,9.863769531,47.21679688,112.54814784696967,866.825,1.5196063952118324
0.571777344,5.37890625,12.1484375,9.714355469,47.21679688,109.0593893355815,862.95,1.550498714616227
0.571777344,5.37890625,12.1484375,9.863769531,49.85351563,115.53230655523896,844.9761904761905,1.7369752228810922
0.571777344,5.37890625,12.1484375,9.863769531,47.21679688,109.0593893355815,862.95,1.550498714616227
0.805175781,2.45703125,29.8203125,2.964355469,34.85351563,238.97068758633915,772.7142857142857,3.509053915436239
0.821777344,2.45703125,29.8203125,2.964355469,34.85351563,240.19856048584674,792.3333333333334,4.194584705702516
0.805175781,7.37890625,29.8203125,2.964355469,34.85351563,240.57199728520368,782.2857142857143,2.8876755573025914
0.805175781,2.45703125,24.1484375,2.964355469,34.85351563,249.10479254888338,788.3571428571429,3.757700883995367
0.805175781,2.45703125,29.8203125,7.613769531,34.85351563,238.97068758633915,772.7142857142857,3.509053915436239
0.805175781,2.45703125,29.8203125,2.964355469,32.21679688,236.66876672910135,776.8333333333334,2.915350648081839
0.805175781,7.37890625,24.1484375,7.613769531,32.21679688,223.84798190645935,793.6666666666666,3.765116884260428
0.821777344,2.45703125,24.1484375,7.613769531,32.21679688,260.04327963791275,771.5,2.8854348586412875
0.821777344,7.37890625,29.8203125,7.613769531,32.21679688,239.42360257184953,771.75,2.851794101508377
0.821777344,7.37890625,24.1484375,2.964355469,32.21679688,223.84798190645935,793.6666666666666,3.765116884260428
0.821777344,7.37890625,24.1484375,7.613769531,34.85351563,201.61928988168225,830.5833333333334,5.838770601828625
0.821777344,7.37890625,24.1484375,7.613769531,32.21679688,223.84798190645935,793.6666666666666,3.765116884260428
0.305175781,6.45703125,5.8203125,7.464355469,64.85351563,37.78106801891628,885.0111111111111,0.37368644533779305
0.321777344,6.45703125,5.8203125,7.464355469,64.85351563,38.20726178077715,907.0,2.3795035312405295
0.305175781,3.37890625,5.8203125,7.464355469,64.85351563,46.21015948259743,855.5777777777778,1.4086107038871605
0.305175781,6.45703125,48.1484375,7.464355469,64.85351563,82.16887756251793,622.6,0.16324523687680123
0.305175781,6.45703125,5.8203125,3.113769531,64.85351563,37.78106801891628,885.0111111111111,0.37368644533779305
0.305175781,6.45703125,5.8203125,7.464355469,62.21679688,39.29341650516209,893.3372093023256,1.8943266200209188
0.305175781,3.37890625,48.1484375,3.113769531,62.21679688,64.36586608588965,798.7790697674419,0.09989273034265603
0.321777344,6.45703125,48.1484375,3.113769531,62.21679688,102.07767049925029,492.0952380952381,0.47617729610106685
0.321777344,3.37890625,5.8203125,3.113769531,62.21679688,48.548914646420265,876.1785714285714,1.3364504046709516
0.321777344,3.37890625,48.1484375,7.464355469,62.21679688,78.78152005454214,725.6190476190476,0.15396015897175971
0.321777344,3.37890625,48.1484375,3.113769531,64.85351563,72.13114125838287,760.6136363636364,0.21623577951584605
0.321777344,3.37890625,48.1484375,3.113769531,62.21679688,78.78152005454214,725.6190476190476,0.15396015897175971
0.430175781,3.45703125,23.8203125,6.339355469,57.35351563,89.33924954329379,820.53125,0.28114864142862134
0.196777344,3.45703125,23.8203125,6.339355469,57.35351563,36.236609023769844,808.4782608695652,0.060080731696890474
0.430175781,6.37890625,23.8203125,6.339355469,57.35351563,81.63273769814123,855.71875,0.4656444739871327
0.430175781,3.45703125,18.1484375,6.339355469,57.35351563,86.3754065937524,834.84375,0.2434686916759771
0.430175781,3.45703125,23.8203125,6.488769531,57.35351563,89.33924954329379,820.53125,0.28114864142862134
0.430175781,3.45703125,23.8203125,6.339355469,39.71679688,98.5646672116202,778.3478260869565,0.8518639573597026
0.430175781,6.37890625,18.1484375,6.488769531,39.71679688,84.16312744470645,825.4565217391304,0.7090953082388192
0.196777344,3.45703125,18.1484375,6.488769531,39.71679688,39.67733266474504,802.375,0.12024922405104752
0.196777344,6.37890625,23.8203125,6.488769531,39.71679688,40.975562387336005,771.609375,0.10891829220345575
0.196777344,6.37890625,18.1484375,6.339355469,39.71679688,40.42045547251344,764.859375,0.43067234663203524
0.196777344,6.37890625,18.1484375,6.488769531,57.35351563,35.53312246321736,801.3260869565217,0.08752529174454192
0.196777344,6.37890625,18.1484375,6.488769531,39.71679688,40.42045547251344,764.859375,0.43067234663203524
0.930175781,7.45703125,47.8203125,1.839355469,27.35351563,234.54646012216904,734.25,3.6354487187453004
0.696777344,7.45703125,47.8203125,1.839355469,27.35351563,132.29505425163308,766.75,0.4201113810775982
0.930175781,2.37890625,47.8203125,1.839355469,27.35351563,222.51356130781582,731.5,10.13447133948239
0.930175781,7.45703125,42.1484375,1.839355469,27.35351563,211.6173426140705,744.5,4.681377318678919
0.930175781,7.45703125,47.8203125,1.988769531,27.35351563,234.54646012216904,734.25,3.6354487187453004
0.930175781,7.45703125,47.8203125,1.839355469,69.71679688,347.1139460635962,809.5,3.772577113090013
0.930175781,2.37890625,42.1484375,1.988769531,69.71679688,311.5447818562723,834.5,5.3421355246941244
0.696777344,7.45703125,42.1484375,1.988769531,69.71679688,169.32052992446617,835.8809523809524,1.124433759340878
0.696777344,2.37890625,47.8203125,1.988769531,69.71679688,194.42245001742353,812.9047619047619,0.8629897423095431
0.696777344,2.37890625,42.1484375,1.839355469,69.71679688,192.38094942114964,816.7380952380952,0.9302549771483551
0.696777344,2.37890625,42.1484375,1.988769531,27.35351563,159.4630990427254,751.625,2.3940579989575776
0.696777344,2.37890625,42.1484375,1.988769531,69.71679688,192.38094942114964,816.7380952380952,0.9302549771483551
0.680175781,5.45703125,11.8203125,8.589355469,42.35351563,136.44578010489494,870.1923076923077,2.734001015570969
0.946777344,5.45703125,11.8203125,8.589355469,42.35351563,254.9348873847688,859.75,6.335853809852546
0.680175781,8.37890625,11.8203125,8.589355469,42.35351563,146.47739720630443,844.0384615384615,1.8956514749009268
0.680175781,5.45703125,30.1484375,8.589355469,42.35351563,186.23809084817532,788.3076923076923,1.8059471346613825
0.680175781,5.45703125,11.8203125,4.238769531,42.35351563,136.44578010489494,870.1923076923077,2.734001015570969
0.680175781,5.45703125,11.8203125,8.589355469,54.71679688,129.44800884641833,878.5555555555555,3.687425763332287
0.680175781,8.37890625,30.1484375,4.238769531,54.71679688,163.1595648504102,821.6111111111111,1.0171140123071944
0.946777344,5.45703125,30.1484375,4.238769531,54.71679688,229.3310080490402,865.0,4.557293851970394
0.946777344,8.37890625,11.8203125,4.238769531,54.71679688,266.8979511785556,868.1666666666666,6.911828450629652
0.946777344,8.37890625,30.1484375,8.589355469,54.71679688,299.68967691586977,838.8333333333334,3.989537531306724
0.946777344,8.37890625,30.1484375,4.238769531,42.35351563,252.399162981441,843.25,6.249525200121377
0.946777344,8.37890625,30.1484375,4.238769531,54.71679688,299.68967691586977,838.8333333333334,3.989537531306724
0.180175781,9.45703125,35.8203125,4.089355469,72.35351563,34.946919192137415,777.3474576271186,0.08265610434926705
0.446777344,9.45703125,35.8203125,4.089355469,72.35351563,80.49663765609232,864.025,0.24840584915520436
0.180175781,4.37890625,35.8203125,4.089355469,72.35351563,41.154716025431966,673.8813559322034,0.0427246743658526
0.180175781,9.45703125,6.1484375,4.089355469,72.35351563,21.721773773074787,900.957627118644,1.125706714233987
0.180175781,9.45703125,35.8203125,8.738769531,72.35351563,34.946919192137415,777.3474576271186,0.08265610434926705
0.180175781,9.45703125,35.8203125,4.089355469,24.71679688,46.14280278899565,646.375,2.1285429183388636
0.180175781,4.37890625,6.1484375,8.738769531,24.71679688,36.233577531834,815.75,2.4561636178505633
0.446777344,9.45703125,6.1484375,8.738769531,24.71679688,68.66335871832543,851.1785714285714,5.046471038381222
0.446777344,4.37890625,35.8203125,8.738769531,24.71679688,99.27031733805448,751.7142857142857,0.6392874904037242
0.446777344,4.37890625,6.1484375,4.089355469,24.71679688,84.63688755399811,828.0,4.186738308434731
0.446777344,4.37890625,6.1484375,8.738769531,72.35351563,59.43344201781325,885.475,2.8246230345213528
0.446777344,4.37890625,6.1484375,8.738769531,24.71679688,84.63688755399811,828.0,4.186738308434731
0.242675781,2.95703125,8.8203125,1.276855469,46.10351563,39.940817553340885,861.4571428571429,0.3894407254886366
0.259277344,2.95703125,8.8203125,1.276855469,46.10351563,43.18928676791155,871.7647058823529,0.47999510046346244
0.242675781,6.87890625,8.8203125,1.276855469,46.10351563,35.92456902819004,890.4857142857143,0.16203781558610353
0.242675781,2.95703125,15.1484375,1.276855469,46.10351563,45.46512455358098,799.7428571428571,0.20836032686509207
0.242675781,2.95703125,8.8203125,5.926269531,46.10351563,39.940817553340885,861.4571428571429,0.3894407254886366
0.242675781,2.95703125,8.8203125,1.276855469,58.46679688,37.26168469606361,872.3068181818181,0.32496793774272165
0.242675781,6.87890625,15.1484375,5.926269531,58.46679688,35.97076243414316,897.9318181818181,0.08077483568915972
0.259277344,2.95703125,15.1484375,5.926269531,58.46679688,48.87169960567649,798.1279069767442,0.18224117010320176
0.259277344,6.87890625,8.8203125,5.926269531,58.46679688,33.89748214851851,913.3139534883721,0.1843832571162884
0.259277344,6.87890625,15.1484375,1.276855469,58.46679688,38.13320508003474,892.2674418604652,0.18806064473658066
0.259277344,6.87890625,15.1484375,5.926269531,46.10351563,45.51861346181533,839.1029411764706,0.6324036984779905
0.259277344,6.87890625,15.1484375,5.926269531,58.46679688,38.13320508003474,892.2674418604652,0.18806064473658066
0.742675781,6.95703125,32.8203125,5.776855469,76.10351563,176.41947597935354,854.0,0.9635883101477715
0.759277344,6.95703125,32.8203125,5.776855469,76.10351563,191.60304509054248,844.8888888888889,1.260553566440524
0.742675781,2.87890625,32.8203125,5.776855469,76.10351563,177.74694345947793,856.8,2.6150741275591556
0.742675781,6.95703125,39.1484375,5.776855469,76.10351563,200.10639711074649,820.925,0.9348118845160117
0.742675781,6.95703125,32.8203125,1.426269531,76.10351563,176.41947597935354,854.0,0.9635883101477715
0.742675781,6.95703125,32.8203125,5.776855469,28.46679688,152.44675379972253,792.9285714285714,0.8401167917661709
0.742675781,2.87890625,39.1484375,1.426269531,28.46679688,186.6863225663187,751.4285714285714,1.977350878422291
0.759277344,6.95703125,39.1484375,1.426269531,28.46679688,177.21453109480416,764.0,1.3271761081724023
0.759277344,2.87890625,32.8203125,1.426269531,28.46679688,183.63126819157463,768.5714285714286,2.3633198184096624
0.759277344,2.87890625,39.1484375,5.776855469,28.46679688,186.6863225663187,751.4285714285714,1.977350878422291
0.759277344,2.87890625,39.1484375,1.426269531,76.10351563,188.98312918355157,853.5277777777778,0.9300216862963245
0.759277344,2.87890625,39.1484375,1.426269531,28.46679688,186.6863225663187,751.4285714285714,1.977350878422291
0.992675781,4.95703125,20.8203125,3.526855469,61.10351563,0,0,4.6464904395037205
0.509277344,4.95703125,20.8203125,3.526855469,61.10351563,102.1110332057395,837.8333333333334,0.456534415604542
0.992675781,8.87890625,20.8203125,3.526855469,61.10351563,0,0,9.04744960856138
0.992675781,4.95703125,27.1484375,3.526855469,61.10351563,0,0,4.868336225535221
0.992675781,4.95703125,20.8203125,3.676269531,61.10351563,0,0,4.6464904395037205
0.992675781,4.95703125,20.8203125,3.526855469,43.46679688,0,0,3.891986455170958
0.992675781,8.87890625,27.1484375,3.676269531,43.46679688,0,0,5.398578715419505
0.509277344,4.95703125,27.1484375,3.676269531,43.46679688,101.82343684204541,855.8571428571429,0.41277890105053294
0.509277344,8.87890625,20.8203125,3.676269531,43.46679688,88.84852104997977,874.0,0.3802835174396587
0.509277344,8.87890625,27.1484375,3.526855469,43.46679688,101.42936974706642,849.1428571428571,0.23862908481574704
0.509277344,8.87890625,27.1484375,3.676269531,61.10351563,110.59222942719086,812.4333333333333,0.7516949981858059
0.509277344,8.87890625,27.1484375,3.676269531,43.46679688,101.42936974706642,849.1428571428571,0.23862908481574704
0.492675781,8.95703125,44.8203125,8.026855469,31.10351563,99.51511292367282,795.0625,0.143900464787938
0.009277344,8.95703125,44.8203125,8.026855469,31.10351563,1.0314330035227261e-15,383.741935483871,0.23854780214021948
0.492675781,4.87890625,44.8203125,8.026855469,31.10351563,114.2542714021015,743.65625,0.6610503677916906
0.492675781,8.95703125,3.1484375,8.026855469,31.10351563,83.90729975136155,764.71875,2.901925087875901
0.492675781,8.95703125,44.8203125,8.176269531,31.10351563,99.51511292367282,795.0625,0.143900464787938
0.492675781,8.95703125,44.8203125,8.026855469,73.46679688,112.94418699026082,802.581081081081,0.2819150985971702
0.492675781,4.87890625,3.1484375,8.176269531,73.46679688,68.03973539080866,837.5945945945946,1.8378289315825664
0.009277344,8.95703125,3.1484375,8.176269531,73.46679688,2.3593201995062105,708.5833333333334,3.6133091835625817
0.009277344,4.87890625,44.8203125,8.176269531,73.46679688,3.002697712783645,471.74305555555554,0.04227130538913812
0.009277344,4.87890625,3.1484375,8.026855469,73.46679688,2.411956990041864,868.3541666666666,0.09703609849937773
0.009277344,4.87890625,3.1484375,8.176269531,31.10351563,1.3085425550743013e+30,900.3870967741935,7.22821237441553e+81
0.009277344,4.87890625,3.1484375,8.176269531,73.46679688,2.411956990041864,868.3541666666666,0.09703609849937773
0.367675781,5.95703125,26.8203125,9.151855469,23.60351563,83.99482628459518,724.1333333333333,0.1900832824500113
0.384277344,5.95703125,26.8203125,9.151855469,23.60351563,83.99482628459518,724.1333333333333,0.1900832824500113
0.367675781,9.87890625,26.8203125,9.151855469,23.60351563,75.0223408772601,789.8,0.2110873205982006
0.367675781,5.95703125,33.1484375,9.151855469,23.60351563,96.63952831297864,601.1333333333333,0.3161342825416207
0.367675781,5.95703125,26.8203125,4.801269531,23.60351563,83.99482628459518,724.1333333333333,0.1900832824500113
0.367675781,5.95703125,26.8203125,9.151855469,20.96679688,84.3546399135769,729.9615384615385,0.8406959936282409
0.367675781,9.87890625,33.1484375,4.801269531,20.96679688,79.44840124423169,742.0,3.1411826327185315
0.384277344,5.95703125,33.1484375,4.801269531,20.96679688,78.39792141232702,756.7307692307693,0.8637245679245203
0.384277344,9.87890625,26.8203125,4.801269531,20.96679688,72.20257500578852,808.0384615384615,0.6412462388350691
0.384277344,9.87890625,33.1484375,9.151855469,20.96679688,79.44840124423169,742.0,3.1411826327185315
0.384277344,9.87890625,33.1484375,4.801269531,23.60351563,88.14052933885313,711.6333333333333,1.1722329412443342
0.384277344,9.87890625,33.1484375,4.801269531,20.96679688,79.44840124423169,742.0,3.1411826327185315
0.867675781,9.95703125,2.8203125,4.651855469,53.60351563,179.64209924829666,879.7142857142857,10.024834600730784
0.884277344,9.95703125,2.8203125,4.651855469,53.60351563,173.3706389299947,884.25,7.954890013760189
0.867675781,5.87890625,2.8203125,4.651855469,53.60351563,186.35982526152506,874.2857142857143,11.418789817714963
0.867675781,9.95703125,9.1484375,4.651855469,53.60351563,168.74099561181828,896.5714285714286,7.797383478981907
0.867675781,9.95703125,2.8203125,9.301269531,53.60351563,179.64209924829666,879.7142857142857,10.024834600730784
0.867675781,9.95703125,2.8203125,4.651855469,50.96679688,168.73569007094486,864.3571428571429,5.222607172490173
0.867675781,5.87890625,9.1484375,9.301269531,50.96679688,171.32496664208975,885.7857142857143,5.97505825601847
0.884277344,9.95703125,9.1484375,9.301269531,50.96679688,210.74105464122508,875.5833333333334,8.028739804228934
0.884277344,5.87890625,2.8203125,9.301269531,50.96679688,181.58124127786252,884.3333333333334,8.077918529159142
0.884277344,5.87890625,9.1484375,4.651855469,50.96679688,189.83387584579478,880.1666666666666,6.61769289868399
0.884277344,5.87890625,9.1484375,9.301269531,53.60351563,197.17863992464189,893.5833333333334,8.416484473595277
0.884277344,5.87890625,9.1484375,9.301269531,50.96679688,189.83387584579478,880.1666666666666,6.61769289868399
0.617675781,3.95703125,38.8203125,6.901855469,68.60351563,156.65325944038244,816.7307692307693,0.46669618703939214
0.634277344,3.95703125,38.8203125,6.901855469,68.60351563,160.50210766093576,821.28,0.5107779082519323
0.617675781,7.87890625,38.8203125,6.901855469,68.60351563,151.72095134963635,813.7692307692307,0.9949375697939945
0.617675781,3.95703125,21.1484375,6.901855469,68.60351563,136.8261663193979,839.6153846153846,1.2196205620071117
0.617675781,3.95703125,38.8203125,7.051269531,68.60351563,156.65325944038244,816.7307692307693,0.46669618703939214
0.617675781,3.95703125,38.8203125,6.901855469,65.96679688,139.74790429073198,840.88,0.3622766674655712
0.617675781,7.87890625,21.1484375,7.051269531,65.96679688,130.190173618031,845.1,1.2658002930758314
0.634277344,3.95703125,21.1484375,7.051269531,65.96679688,142.16037512549775,841.8125,0.9996193947641473
0.634277344,7.87890625,38.8203125,7.051269531,65.96679688,146.94938084126775,829.8125,1.0271452304430135
0.634277344,7.87890625,21.1484375,6.901855469,65.96679688,149.4022366443809,825.1041666666666,1.4795826811813246
0.634277344,7.87890625,21.1484375,7.051269531,68.60351563,123.388738475544,868.3,0.5429381088321693
0.634277344,7.87890625,21.1484375,7.051269531,65.96679688,149.4022366443809,825.1041666666666,1.4795826811813246
0.117675781,7.95703125,14.8203125,2.401855469,38.60351563,23.738199555707347,830.8529411764706,0.12226795843989732
0.134277344,7.95703125,14.8203125,2.401855469,38.60351563,23.738199555707347,830.8529411764706,0.12226795843989732
0.117675781,3.87890625,14.8203125,2.401855469,38.60351563,24.97870754921543,798.3529411764706,0.06993927527328649
0.117675781,7.95703125,45.1484375,2.401855469,38.60351563,35.71791127888679,422.0882352941176,0.29747785795133563
0.117675781,7.95703125,14.8203125,2.551269531,38.60351563,23.738199555707347,830.8529411764706,0.12226795843989732
0.117675781,7.95703125,14.8203125,2.401855469,35.96679688,21.0110073495254,775.5,0.07445795888514735
0.117675781,3.87890625,45.1484375,2.551269531,35.96679688,27.125005365035523,609.6875,0.17381837413474235
0.134277344,7.95703125,45.1484375,2.551269531,35.96679688,33.24684727672345,639.1774193548387,0.0727027908517572
0.134277344,3.87890625,14.8203125,2.551269531,35.96679688,25.534086211132642,822.2741935483871,0.04768730790279572
0.134277344,3.87890625,45.1484375,2.401855469,35.96679688,33.32417398410144,671.0,0.07676330625549962
0.134277344,3.87890625,45.1484375,2.551269531,38.60351563,30.268727994939354,705.1323529411765,0.06280321084773269
0.134277344,3.87890625,45.1484375,2.551269531,35.96679688,33.32417398410144,671.0,0.07676330625549962
0.086425781,3.70703125,34.3203125,8.870605469,62.97851563,16.231072122894428,740.8706896551724,0.026002647447900512
0.915527344,3.70703125,34.3203125,8.870605469,62.97851563,272.0931128480387,850.4,4.065038889763609
0.086425781,5.12890625,34.3203125,8.870605469,62.97851563,16.67504381031624,679.2241379310345,0.016295873173846096
0.086425781,3.70703125,22.6484375,8.870605469,62.97851563,15.073616875599875,794.4224137931035,0.016002660795257473
0.086425781,3.70703125,34.3203125,1.145019531,62.97851563,16.231072122894428,740.8706896551724,0.026002647447900512
0.086425781,3.70703125,34.3203125,8.870605469,71.59179688,16.70147248185946,731.4848484848485,0.026222481737068665
0.086425781,5.12890625,22.6484375,1.145019531,71.59179688,15.077759939853406,782.7727272727273,0.01493577200412352
0.915527344,3.70703125,22.6484375,1.145019531,71.59179688,252.1281558753093,874.9166666666666,1.5271334409175994
0.915527344,5.12890625,34.3203125,1.145019531,71.59179688,265.843467705054,859.6666666666666,3.497286217292295
0.915527344,5.12890625,22.6484375,8.870605469,71.59179688,294.1532938399368,851.5,6.367704181558974
0.915527344,5.12890625,22.6484375,1.145019531,62.97851563,267.24543591787557,875.4,4.002404104756009
0.915527344,5.12890625,22.6484375,1.145019531,71.59179688,294.1532938399368,851.5,6.367704181558974
0.586425781,7.70703125,10.3203125,4.370605469,32.97851563,100.11263389216766,861.5714285714286,2.957936327329139
0.415527344,7.70703125,10.3203125,4.370605469,32.97851563,71.90522805485486,846.5263157894736,1.3926476943334412
0.586425781,9.12890625,10.3203125,4.370605469,32.97851563,99.91760701950115,872.0,1.6964370686533412
0.586425781,7.70703125,46.6484375,4.370605469,32.97851563,137.36016568425364,748.3928571428571,0.49848988772796254
0.586425781,7.70703125,10.3203125,5.645019531,32.97851563,100.11263389216766,861.5714285714286,2.957936327329139
0.586425781,7.70703125,10.3203125,4.370605469,41.59179688,104.97296965780832,862.7058823529412,0.7211513537047133
0.586425781,9.12890625,46.6484375,5.645019531,41.59179688,132.9814370780589,802.1176470588235,0.466110319954956
0.415527344,7.70703125,46.6484375,5.645019531,41.59179688,76.02744839785551,834.14,0.11382950725675847
0.415527344,9.12890625,10.3203125,5.645019531,41.59179688,56.25772658849233,906.22,0.8727754096407768
0.415527344,9.12890625,46.6484375,4.370605469,41.59179688,79.75191426744375,809.66,0.2033325210967495
0.415527344,9.12890625,46.6484375,5.645019531,32.97851563,72.98725909267003,827.2105263157895,0.10999495327471567
0.415527344,9.12890625,46.6484375,5.645019531,41.59179688,79.75191426744375,809.66,0.2033325210967495
0.836425781,5.70703125,46.3203125,6.620605469,47.97851563,178.39480599762263,842.25,2.142117993410766
0.165527344,5.70703125,46.3203125,6.620605469,47.97851563,46.893222476078435,465.975,0.22678068554979977
0.836425781,3.12890625,46.3203125,6.620605469,47.97851563,230.54996683704692,819.3125,1.6062448696466112
0.836425781,5.70703125,34.6484375,6.620605469,47.97851563,206.34944331590904,838.75,4.934982342875798
0.836425781,5.70703125,46.3203125,7.895019531,47.97851563,178.39480599762263,842.25,2.142117993410766
0.836425781,5.70703125,46.3203125,6.620605469,26.59179688,205.26887748033724,743.375,4.2093177639638215
0.836425781,3.12890625,34.6484375,7.895019531,26.59179688,230.85325086287222,752.625,3.9074445263800013
0.165527344,5.70703125,34.6484375,7.895019531,26.59179688,30.670986768527086,792.2391304347826,0.22084644126691635
0.165527344,3.12890625,46.3203125,7.895019531,26.59179688,27.135968582658155,373.1521739130435,12.248980134459602
0.165527344,3.12890625,34.6484375,6.620605469,26.59179688,32.111881112417116,716.0869565217391,1.8963219392936115
0.165527344,3.12890625,34.6484375,7.895019531,47.97851563,33.6014688858384,791.7875,0.024416415080715678
0.165527344,3.12890625,34.6484375,7.895019531,26.59179688,32.111881112417116,716.0869565217391,1.8963219392936115
0.336425781,9.70703125,22.3203125,2.120605469,77.97851563,53.163199176597004,856.4326923076923,0.1702684967556794
0.665527344,9.70703125,22.3203125,2.120605469,77.97851563,129.12845934527206,875.4230769230769,2.0392149057581377
0.336425781,7.12890625,22.3203125,2.120605469,77.97851563,60.58669334951731,818.5192307692307,0.07749312142912196
0.336425781,9.70703125,10.6484375,2.120605469,77.97851563,43.94033755692818,900.5769230769231,0.487906018270985
0.336425781,9.70703125,22.3203125,3.395019531,77.97851563,53.163199176597004,856.4326923076923,0.1702684967556794
0.336425781,9.70703125,22.3203125,2.120605469,56.59179688,57.15779173546384,866.3947368421053,0.18969569926592814
0.336425781,7.12890625,10.6484375,3.395019531,56.59179688,51.663505585066105,888.0263157894736,0.6650085340242765
0.665527344,9.70703125,10.6484375,3.395019531,56.59179688,123.78564867026626,868.578947368421,2.8205255182091333
0.665527344,7.12890625,22.3203125,3.395019531,56.59179688,139.56532252147454,854.578947368421,1.4563416379403733
0.665527344,7.12890625,10.6484375,2.120605469,56.59179688,120.37737152040238,882.4473684210526,4.200909709158479
0.665527344,7.12890625,10.6484375,3.395019531,77.97851563,126.32439443803557,862.8076923076923,4.84997819616019
0.665527344,7.12890625,10.6484375,3.395019531,56.59179688,120.37737152040238,882.4473684210526,4.200909709158479
0.461425781,4.70703125,4.3203125,3.245605469,70.47851563,66.2928769467398,849.828947368421,2.3574571882136253
0.790527344,4.70703125,4.3203125,3.245605469,70.47851563,146.71114456416808,879.4,5.693179002622432
0.461425781,2.12890625,4.3203125,3.245605469,70.47851563,83.41145894290787,804.7236842105264,2.9258379335409583
0.461425781,4.70703125,28.6484375,3.245605469,70.47851563,94.2394295816054,833.1052631578947,0.12484629979530541
0.461425781,4.70703125,4.3203125,9.020019531,70.47851563,66.2928769467398,849.828947368421,2.3574571882136253
0.461425781,4.70703125,4.3203125,3.245605469,49.09179688,78.21199106263282,813.0,2.532564008939496
0.461425781,2.12890625,28.6484375,9.020019531,49.09179688,104.33355103552778,826.1538461538462,0.5163943354971354
0.790527344,4.70703125,28.6484375,9.020019531,49.09179688,230.41880458534075,809.55,3.480645154869897
0.790527344,2.12890625,4.3203125,9.020019531,49.09179688,194.08279363473713,855.35,8.857981586089581
0.790527344,2.12890625,28.6484375,3.245605469,49.09179688,220.43134372096,822.2,2.2374290528299916
0.790527344,2.12890625,28.6484375,9.020019531,70.47851563,217.86858376027655,838.9,2.668543161005187
0.790527344,2.12890625,28.6484375,9.020019531,49.09179688,220.43134372096,822.2,2.2374290528299916
0.961425781,8.70703125,28.3203125,7.745605469,40.47851563,318.4634908005828,807.25,3.531612818875932
0.290527344,8.70703125,28.3203125,7.745605469,40.47851563,64.32946818927438,774.875,0.1669755459856467
0.961425781,6.12890625,28.3203125,7.745605469,40.47851563,371.90760487533055,793.25,4.047052274883842
0.961425781,8.70703125,4.6484375,7.745605469,40.47851563,240.0314009463452,869.5,6.809416076972203
0.961425781,8.70703125,28.3203125,4.520019531,40.47851563,318.4634908005828,807.25,3.531612818875932
0.961425781,8.70703125,28.3203125,7.745605469,79.09179688,305.35878968784954,860.8333333333334,8.913824618804862
0.961425781,6.12890625,4.6484375,4.520019531,79.09179688,241.49878338049143,899.6666666666666,7.077575064562657
0.290527344,8.70703125,4.6484375,4.520019531,79.09179688,46.543744414731826,723.6517857142857,1.6686343962884518
0.290527344,6.12890625,28.3203125,4.520019531,79.09179688,59.82004638018985,736.4196428571429,0.21699939334117913
0.290527344,6.12890625,4.6484375,7.745605469,79.09179688,49.95738732192234,703.2946428571429,1.84201713362375
0.290527344,6.12890625,4.6484375,4.520019531,40.47851563,57.63431072265952,710.0892857142857,2.746599122876626
0.290527344,6.12890625,4.6484375,4.520019531,79.09179688,49.95738732192234,703.2946428571429,1.84201713362375
0.711425781,2.70703125,16.3203125,5.495605469,25.47851563,176.99661264189282,801.5714285714286,5.410455728528715
0.040527344,2.70703125,16.3203125,5.495605469,25.47851563,7.950848910698903,742.9166666666666,0.039796863517402525
0.711425781,4.12890625,16.3203125,5.495605469,25.47851563,186.37109888965898,793.0714285714286,4.8849257019043195
0.711425781,2.70703125,16.6484375,5.495605469,25.47851563,171.03154814184538,811.0,2.1004577549215036
0.711425781,2.70703125,16.3203125,2.270019531,25.47851563,176.99661264189282,801.5714285714286,5.410455728528715
0.711425781,2.70703125,16.3203125,5.495605469,64.09179688,151.31750753237614,870.8888888888889,1.8846194147930782
0.711425781,4.12890625,16.6484375,2.270019531,64.09179688,156.84242295536714,866.3611111111111,1.3804811645398007
0.040527344,2.70703125,16.6484375,2.270019531,64.09179688,9.27741101261603,689.7950819672132,0.011884491170361527
0.040527344,4.12890625,16.3203125,2.270019531,64.09179688,9.267070726939037,690.5737704918033,0.022507452184965655
0.040527344,4.12890625,16.6484375,5.495605469,64.09179688,9.911644944528698,625.0,0.10325029366021354
0.040527344,4.12890625,16.6484375,2.270019531,25.47851563,7.682820473791075,739.1875,0.11590504679929634
0.040527344,4.12890625,16.6484375,2.270019531,64.09179688,9.911644944528698,625.0,0.10325029366021354
0.211425781,6.70703125,40.3203125,9.995605469,55.47851563,51.99044879955689,676.8837209302326,0.1414544496069094
0.540527344,6.70703125,40.3203125,9.995605469,55.47851563,127.73659284957384,800.62,0.34783909681138
0.211425781,8.12890625,40.3203125,9.995605469,55.47851563,59.331658822837454,541.1511627906976,0.5089466543628295
0.211425781,6.70703125,40.6484375,9.995605469,55.47851563,46.4698883174274,752.6395348837209,0.0398027524095181
0.211425781,6.70703125,40.3203125,6.770019531,55.47851563,51.99044879955689,676.8837209302326,0.1414544496069094
0.211425781,6.70703125,40.3203125,9.995605469,34.09179688,48.627341555804364,674.3148148148148,0.14027470187387853
0.211425781,8.12890625,40.6484375,6.770019531,34.09179688,44.72682432497954,760.9444444444445,0.038927521183291104
0.540527344,6.70703125,40.6484375,6.770019531,34.09179688,135.28690920354282,731.125,0.6025568660979638
0.540527344,8.12890625,40.3203125,6.770019531,34.09179688,160.10268036614067,636.6875,1.3966100404335757
0.540527344,8.12890625,40.6484375,9.995605469,34.09179688,130.9549300245629,747.5,1.0021820520148415
0.540527344,8.12890625,40.6484375,6.770019531,55.47851563,136.52532985382078,773.02,0.3240235542484802
0.540527344,8.12890625,40.6484375,6.770019531,34.09179688,130.9549300245629,747.5,1.0021820520148415
0.148925781,5.20703125,19.3203125,7.183105469,29.22851563,24.592966851397104,823.58,0.12810186026117926
0.728027344,5.20703125,19.3203125,7.183105469,29.22851563,134.67469802451217,859.0,2.0636271398545256
0.148925781,2.62890625,19.3203125,7.183105469,29.22851563,31.133197995769343,625.9,3.535834501406274
0.148925781,5.20703125,31.6484375,7.183105469,29.22851563,27.40359866753357,746.8,0.04816298905815731
0.148925781,5.20703125,19.3203125,9.582519531,29.22851563,24.592966851397104,823.58,0.12810186026117926
0.148925781,5.20703125,19.3203125,7.183105469,52.84179688,33.6972621369627,647.4444444444445,0.16863976367187547
0.148925781,2.62890625,31.6484375,9.582519531,52.84179688,33.628868658845384,690.4555555555555,0.06789524638960995
0.728027344,5.20703125,31.6484375,9.582519531,52.84179688,209.3069950544522,797.5357142857143,2.183075521884932
0.728027344,2.62890625,19.3203125,9.582519531,52.84179688,200.05884620972674,812.25,3.284324559075022
0.728027344,2.62890625,31.6484375,7.183105469,52.84179688,209.19116399230248,808.1428571428571,2.423197315967423
0.728027344,2.62890625,31.6484375,9.582519531,29.22851563,182.08813982204273,780.4375,1.9745184628531456
0.728027344,2.62890625,31.6484375,9.582519531,52.84179688,209.19116399230248,808.1428571428571,2.423197315967423
0.648925781,9.20703125,43.3203125,2.683105469,59.22851563,169.81320013728435,793.9761904761905,0.8965880283983513
0.228027344,9.20703125,43.3203125,2.683105469,59.22851563,53.35359753975174,648.7391304347826,0.10404471322305661
0.648925781,6.62890625,43.3203125,2.683105469,59.22851563,148.93219441808225,819.047619047619,1.428865709443064
0.648925781,9.20703125,7.6484375,2.683105469,59.22851563,97.59727923753587,897.3095238095239,4.97180514051911
0.648925781,9.20703125,43.3203125,5.082519531,59.22851563,169.81320013728435,793.9761904761905,0.8965880283983513
0.648925781,9.20703125,43.3203125,2.683105469,22.84179688,117.00904772950139,744.4375,0.619729749826011
0.648925781,6.62890625,7.6484375,5.082519531,22.84179688,119.8168766338963,849.3125,2.489129061322762
0.228027344,9.20703125,7.6484375,5.082519531,22.84179688,35.42709827194952,866.7777777777778,0.649489558995543
0.228027344,6.62890625,43.3203125,5.082519531,22.84179688,49.05486825150361,585.1944444444445,1.1702108519195966
0.228027344,6.62890625,7.6484375,2.683105469,22.84179688,36.533197321143746,864.1111111111111,5.631887883376821
0.228027344,6.62890625,7.6484375,5.082519531,59.22851563,28.031869176344355,932.1086956521739,0.775932241011425
0.228027344,6.62890625,7.6484375,5.082519531,22.84179688,36.533197321143746,864.1111111111111,5.631887883376821
0.898925781,3.20703125,7.3203125,9.433105469,74.22851563,206.9472418699667,903.7142857142857,8.259726215657036
0.478027344,3.20703125,7.3203125,9.433105469,74.22851563,74.68706075063902,869.4358974358975,2.7803790985496573
0.898925781,4.62890625,7.3203125,9.433105469,74.22851563,213.41649332144894,900.5,8.770685412290067
0.898925781,3.20703125,19.6484375,9.433105469,74.22851563,241.54373937312087,876.0714285714286,4.511295111854755
0.898925781,3.20703125,7.3203125,2.832519531,74.22851563,206.9472418699667,903.7142857142857,8.259726215657036
0.898925781,3.20703125,7.3203125,9.433105469,37.84179688,219.8064464444068,853.375,11.90935122606811
0.898925781,4.62890625,19.6484375,2.832519531,37.84179688,258.0593798301177,829.875,6.032643741014203
0.478027344,3.20703125,19.6484375,2.832519531,37.84179688,100.06459427309792,841.925,0.23702200683507335
0.478027344,4.62890625,7.3203125,2.832519531,37.84179688,74.11920338566941,877.525,1.4724540386932137
0.478027344,4.62890625,19.6484375,9.433105469,37.84179688,104.98346197914705,802.275,0.7756922638794888
0.478027344,4.62890625,19.6484375,2.832519531,74.22851563,80.44569040416744,872.3461538461538,0.43458382490013475
0.478027344,4.62890625,19.6484375,2.832519531,37.84179688,104.98346197914705,802.275,0.7756922638794888
0.398925781,7.20703125,31.3203125,4.933105469,44.22851563,96.49733627283739,770.5769230769231,0.29210543035433745
0.978027344,7.20703125,31.3203125,4.933105469,44.22851563,310.47635943057776,821.0,2.7565307757240687
0.398925781,8.62890625,31.3203125,4.933105469,44.22851563,88.38502106579921,789.1730769230769,0.18343086498284833
0.398925781,7.20703125,43.6484375,4.933105469,44.22851563,92.57352105300082,776.9038461538462,0.190685489574137
0.398925781,7.20703125,31.3203125,7.332519531,44.22851563,96.49733627283739,770.5769230769231,0.29210543035433745
0.398925781,7.20703125,31.3203125,4.933105469,67.84179688,77.66061828188617,828.8170731707318,0.15965519121418534
0.398925781,8.62890625,43.6484375,7.332519531,67.84179688,79.92830413909327,816.8536585365854,0.188529622961418
0.978027344,7.20703125,43.6484375,7.332519531,67.84179688,424.8562838890843,796.5,6.9831846307493555
0.978027344,8.62890625,31.3203125,7.332519531,67.84179688,326.34753829447425,849.5,7.185599462552008
0.978027344,8.62890625,43.6484375,4.933105469,67.84179688,316.8154411719729,833.0,10.293308689782164
0.978027344,8.62890625,43.6484375,7.332519531,44.22851563,376.6195167276737,763.0,8.927426391579832
0.978027344,8.62890625,43.6484375,7.332519531,67.84179688,316.8154411719729,833.0,10.293308689782164
0.273925781,2.20703125,49.3203125,3.808105469,36.72851563,71.7150743139929,585.2962962962963,0.612918237803968
0.603027344,2.20703125,49.3203125,3.808105469,36.72851563,146.71485177973221,767.6666666666666,0.483650879299472
0.273925781,5.62890625,49.3203125,3.808105469,36.72851563,53.2079880411623,802.7962962962963,0.07958905918458695
0.273925781,2.20703125,25.6484375,3.808105469,36.72851563,57.797620017614506,793.7592592592592,0.06946377280300944
0.273925781,2.20703125,49.3203125,1.707519531,36.72851563,71.7150743139929,585.2962962962963,0.612918237803968
0.273925781,2.20703125,49.3203125,3.808105469,30.34179688,57.76193679682098,752.5909090909091,0.07536227350954143
0.273925781,5.62890625,25.6484375,1.707519531,30.34179688,54.603301473451204,809.9545454545455,0.3925358424533901
0.603027344,2.20703125,25.6484375,1.707519531,30.34179688,143.25241691567473,797.5416666666666,1.0164784353413427
0.603027344,5.62890625,49.3203125,1.707519531,30.34179688,128.01672550505103,758.7916666666666,0.5462498889538576
0.603027344,5.62890625,25.6484375,3.808105469,30.34179688,126.50151535314131,818.8333333333334,0.8145499811890177
0.603027344,5.62890625,25.6484375,1.707519531,36.72851563,131.6114722514165,818.6666666666666,0.6454339194879856
0.603027344,5.62890625,25.6484375,1.707519531,30.34179688,126.50151535314131,818.8333333333334,0.8145499811890177
0.773925781,6.20703125,25.3203125,8.308105469,66.72851563,175.2964490112667,872.0,2.6900598915946
0.103027344,6.20703125,25.3203125,8.308105469,66.72851563,21.838708949509872,655.7166666666667,0.03699737762297416
0.773925781,9.62890625,25.3203125,8.308105469,66.72851563,179.98008203020376,865.1,3.4911597385714206
0.773925781,6.20703125,49.6484375,8.308105469,66.72851563,206.00728202982054,837.7333333333333,1.269446552128995
0.773925781,6.20703125,25.3203125,6.207519531,66.72851563,175.2964490112667,872.0,2.6900598915946
0.773925781,6.20703125,25.3203125,8.308105469,60.34179688,208.7387593697869,826.1428571428571,2.1058495953836207
0.773925781,9.62890625,49.6484375,6.207519531,60.34179688,193.01136690321803,831.2142857142857,1.17803122785703
0.103027344,6.20703125,49.6484375,6.207519531,60.34179688,25.975344752226768,476.787037037037,0.14102289779567131
0.103027344,9.62890625,25.3203125,6.207519531,60.34179688,19.523075821493396,760.6574074074074,0.04114754862206999
0.103027344,9.62890625,49.6484375,8.308105469,60.34179688,26.686524779687446,458.3796296296296,0.1274207859225268
0.103027344,9.62890625,49.6484375,6.207519531,66.72851563,30.623117000306518,320.6,0.4764012940581785
0.103027344,9.62890625,49.6484375,6.207519531,60.34179688,26.686524779687446,458.3796296296296,0.1274207859225268
0.523925781,4.20703125,37.3203125,1.558105469,51.72851563,114.94649462816818,813.36,0.34996901956897336
0.353027344,4.20703125,37.3203125,1.558105469,51.72851563,71.26799479044365,799.1617647058823,0.08981725172827176
0.523925781,3.62890625,37.3203125,1.558105469,51.72851563,114.94649462816818,813.36,0.34996901956897336
0.523925781,4.20703125,37.6484375,1.558105469,51.72851563,111.82979882406191,824.84,0.26103952983891243
0.523925781,4.20703125,37.3203125,8.457519531,51.72851563,114.94649462816818,813.36,0.34996901956897336
0.523925781,4.20703125,37.3203125,1.558105469,75.34179688,110.48037104787826,821.625,0.34619719058584336
0.523925781,3.62890625,37.6484375,8.457519531,75.34179688,110.41572558960321,830.6666666666666,0.1969759225636965
0.353027344,4.20703125,37.6484375,8.457519531,75.34179688,66.96209788320635,818.4591836734694,0.10656787304222085
0.353027344,3.62890625,37.3203125,8.457519531,75.34179688,76.0233052837088,762.6530612244898,0.0997340387878592
0.353027344,3.62890625,37.6484375,1.558105469,75.34179688,66.96209788320635,818.4591836734694,0.10656787304222085
0.353027344,3.62890625,37.6484375,8.457519531,51.72851563,70.30331912896102,813.0147058823529,0.2074174886792695
0.353027344,3.62890625,37.6484375,8.457519531,75.34179688,66.96209788320635,818.4591836734694,0.10656787304222085
0.023925781,8.20703125,13.3203125,6.058105469,21.72851563,8.96536100170472,735.7857142857143,0.059781901232304216
0.853027344,8.20703125,13.3203125,6.058105469,21.72851563,202.30409747630085,824.0,3.2992209184258847
0.023925781,7.62890625,13.3203125,6.058105469,21.72851563,8.96536100170472,735.7857142857143,0.059781901232304216
0.023925781,8.20703125,13.6484375,6.058105469,21.72851563,8.994761519789355,700.547619047619,0.05354209170794099
0.023925781,8.20703125,13.3203125,3.957519531,21.72851563,8.96536100170472,735.7857142857143,0.059781901232304216
0.023925781,8.20703125,13.3203125,6.058105469,45.34179688,4.197846960352141,787.0909090909091,0.023418661807088834
0.023925781,7.62890625,13.6484375,3.957519531,45.34179688,4.240422582227008,766.6818181818181,0.01599197897109756
0.853027344,8.20703125,13.6484375,3.957519531,45.34179688,195.12458591438033,857.2857142857143,7.272718505831333
0.853027344,7.62890625,13.3203125,3.957519531,45.34179688,166.70660766882156,876.0,5.716815689216282
0.853027344,7.62890625,13.6484375,6.058105469,45.34179688,195.12458591438033,857.2857142857143,7.272718505831333
0.853027344,7.62890625,13.6484375,3.957519531,21.72851563,212.84350909546689,797.3333333333334,3.0504415268133633
0.853027344,7.62890625,13.6484375,3.957519531,45.34179688,195.12458591438033,857.2857142857143,7.272718505831333
0.016113281,5.39453125,35.4453125,2.612792969,49.38476563,5.517231172053617,310.9375,5.701410802391397
0.548339844,5.39453125,35.4453125,2.612792969,49.38476563,121.24674734541149,822.8636363636364,0.7673783195750729
0.016113281,6.31640625,35.4453125,2.612792969,49.38476563,4.351749969889467,562.1979166666666,0.18399853499048274
0.016113281,5.39453125,10.2734375,2.612792969,49.38476563,3.9792175142860646,832.8541666666666,0.018092596401754358
0.016113281,5.39453125,35.4453125,3.184082031,49.38476563,5.517231172053617,310.9375,5.701410802391397
0.016113281,5.39453125,35.4453125,2.612792969,73.93554688,3.3461792075539853,286.66438356164383,0.4339192183790628
0.016113281,6.31640625,10.2734375,3.184082031,73.93554688,2.4956964005629163,891.5958904109589,0.004181063349050975
0.548339844,5.39453125,10.2734375,3.184082031,73.93554688,91.25246772048943,879.8030303030303,2.288702793497478
0.548339844,6.31640625,35.4453125,3.184082031,73.93554688,98.68326281143926,877.0757575757576,0.395968814274234
0.548339844,6.31640625,10.2734375,2.612792969,73.93554688,80.53081864815043,898.9848484848485,1.079628742422204
0.548339844,6.31640625,10.2734375,3.184082031,49.38476563,92.45783579899283,881.7045454545455,1.8054020973118519
0.548339844,6.31640625,10.2734375,3.184082031,73.93554688,80.53081864815043,898.9848484848485,1.079628742422204
0.516113281,9.39453125,11.4453125,7.112792969,79.38476563,69.9146228956564,917.4342105263158,1.0196298268868014
0.048339844,9.39453125,11.4453125,7.112792969,79.38476563,8.055964141429673,910.7466666666667,0.06452401446856348
0.516113281,2.31640625,11.4453125,7.112792969,79.38476563,96.42315484794814,848.2236842105264,1.732803960302042
0.516113281,9.39453125,34.2734375,7.112792969,79.38476563,104.72030682733497,829.7763157894736,0.401689645808276
0.516113281,9.39453125,11.4453125,7.684082031,79.38476563,69.9146228956564,917.4342105263158,1.0196298268868014
0.516113281,9.39453125,11.4453125,7.112792969,43.93554688,90.25295136520732,870.1904761904761,1.0790319982361076
0.516113281,2.31640625,34.2734375,7.684082031,43.93554688,125.60262668874631,791.7857142857143,1.2468462070768316
0.048339844,9.39453125,34.2734375,7.684082031,43.93554688,9.34653736675126,683.4880952380952,0.011086761335324128
0.048339844,2.31640625,11.4453125,7.684082031,43.93554688,8.841900822426183,747.0833333333334,0.1961224150721538
0.048339844,2.31640625,34.2734375,7.112792969,43.93554688,9.613313037183872,696.0119047619048,0.046803820892707515
0.048339844,2.31640625,34.2734375,7.684082031,79.38476563,11.986889988230375,465.08666666666664,0.045088374212495855
0.048339844,2.31640625,34.2734375,7.684082031,43.93554688,9.613313037183872,696.0119047619048,0.046803820892707515
0.766113281,3.39453125,47.4453125,4.862792969,64.38476563,209.98106791369247,822.2333333333333,1.3869586875633788
0.298339844,3.39453125,47.4453125,4.862792969,64.38476563,94.97103810367739,461.73333333333335,0.5306766840963241
0.766113281,8.31640625,47.4453125,4.862792969,64.38476563,201.46435590827315,826.8333333333334,1.5970405071409342
0.766113281,3.39453125,46.2734375,4.862792969,64.38476563,202.87143835127168,832.5666666666667,1.3088893477098598
0.766113281,3.39453125,47.4453125,9.934082031,64.38476563,209.98106791369247,822.2333333333333,1.3869586875633788
0.766113281,3.39453125,47.4453125,4.862792969,28.93554688,163.10302233296548,764.5,2.9719932490249845
0.766113281,8.31640625,46.2734375,9.934082031,28.93554688,186.14229159930252,748.2142857142857,1.0996245692929711
0.298339844,3.39453125,46.2734375,9.934082031,28.93554688,68.28187163729078,626.75,1.6677632270099114
0.298339844,8.31640625,47.4453125,9.934082031,28.93554688,63.112863663688266,769.625,0.08456998151505277
0.298339844,8.31640625,46.2734375,4.862792969,28.93554688,70.76727277271853,723.475,0.11195001948347613
0.298339844,8.31640625,46.2734375,9.934082031,64.38476563,75.1439940646803,662.7555555555556,0.16450189861295952
0.298339844,8.31640625,46.2734375,9.934082031,28.93554688,70.76727277271853,723.475,0.11195001948347613
0.266113281,7.39453125,23.4453125,9.362792969,34.38476563,55.087805460086294,786.94,0.1411939293940255
0.798339844,7.39453125,23.4453125,9.362792969,34.38476563,233.40096185066085,787.5714285714286,5.211939936468729
0.266113281,4.31640625,23.4453125,9.362792969,34.38476563,55.21492615520134,788.94,0.21752662820832744
0.266113281,7.39453125,22.2734375,9.362792969,34.38476563,52.00902862367287,831.4,0.14768889155655754
0.266113281,7.39453125,23.4453125,5.434082031,34.38476563,55.087805460086294,786.94,0.1411939293940255
0.266113281,7.39453125,23.4453125,9.362792969,58.93554688,51.86433145786564,800.6279069767442,0.1205901785077531
0.266113281,4.31640625,22.2734375,5.434082031,58.93554688,50.420113129771785,815.7093023255813,0.189098056737336
0.798339844,7.39453125,22.2734375,5.434082031,58.93554688,205.85469723376445,848.2916666666666,3.164134966037691
0.798339844,4.31640625,23.4453125,5.434082031,58.93554688,213.05205958330293,843.2916666666666,2.834305844828578
0.798339844,4.31640625,22.2734375,9.362792969,58.93554688,212.54772306949852,834.875,5.564034120852358
0.798339844,4.31640625,22.2734375,5.434082031,34.38476563,169.21176189820775,843.5,6.047785642889099
0.798339844,4.31640625,22.2734375,5.434082031,58.93554688,212.54772306949852,834.875,5.564034120852358
0.391113281,2.39453125,5.4453125,8.237792969,26.88476563,93.83998927160447,718.875,3.5704812552771243
0.673339844,2.39453125,5.4453125,8.237792969,26.88476563,159.82453315870833,785.3333333333334,2.8389349594439794
0.391113281,9.31640625,5.4453125,8.237792969,26.88476563,79.5788262431458,723.15625,4.074215551783358
0.391113281,2.39453125,40.2734375,8.237792969,26.88476563,100.87073454323716,728.46875,0.27126220067261836
0.391113281,2.39453125,5.4453125,8.809082031,26.88476563,93.83998927160447,718.875,3.5704812552771243
0.391113281,2.39453125,5.4453125,8.237792969,36.43554688,80.7187481845287,750.8636363636364,5.665697245943311
0.391113281,9.31640625,40.2734375,8.809082031,36.43554688,77.32928154149239,798.7045454545455,0.22486118697215063
0.673339844,2.39453125,40.2734375,8.809082031,36.43554688,172.86410659168325,775.5833333333334,0.7225764877313379
0.673339844,9.31640625,5.4453125,8.809082031,36.43554688,127.23265121267566,831.2083333333334,4.760577888106602
0.673339844,9.31640625,40.2734375,8.237792969,36.43554688,138.70402642913402,806.5,1.001238751993095
0.673339844,9.31640625,40.2734375,8.809082031,26.88476563,132.5476726680663,790.7222222222222,1.2301548763627097
0.673339844,9.31640625,40.2734375,8.809082031,36.43554688,138.70402642913402,806.5,1.001238751993095
0.891113281,6.39453125,29.4453125,3.737792969,56.88476563,257.4769779496928,843.25,2.7937742411181614
0.173339844,6.39453125,29.4453125,3.737792969,56.88476563,38.666351105921734,672.0744680851063,0.1505816621570898
0.891113281,5.31640625,29.4453125,3.737792969,56.88476563,258.89263244013085,849.5,4.669828910605784
0.891113281,6.39453125,16.2734375,3.737792969,56.88476563,211.81038843370325,877.5833333333334,3.145341710542622
0.891113281,6.39453125,29.4453125,4.309082031,56.88476563,257.4769779496928,843.25,2.7937742411181614
0.891113281,6.39453125,29.4453125,3.737792969,66.43554688,224.7852712887417,870.2142857142857,5.044126517520986
0.891113281,5.31640625,16.2734375,4.309082031,66.43554688,228.0358864556324,880.6428571428571,4.576714219808441
0.173339844,6.39453125,16.2734375,4.309082031,66.43554688,25.864291922044625,876.9363636363636,0.07374365615380148
0.173339844,5.31640625,29.4453125,4.309082031,66.43554688,45.382850355534664,446.3454545454546,0.3486316030323254
0.173339844,5.31640625,16.2734375,3.737792969,66.43554688,27.137979096056227,857.5181818181818,0.09310545001945773
0.173339844,5.31640625,16.2734375,4.309082031,56.88476563,31.813306116851464,802.5106382978723,0.13944767032949598
0.173339844,5.31640625,16.2734375,4.309082031,66.43554688,27.137979096056227,857.5181818181818,0.09310545001945773
0.641113281,4.39453125,17.4453125,5.987792969,71.88476563,123.03166226040334,877.1730769230769,1.042113719958405
0.423339844,4.39453125,17.4453125,5.987792969,71.88476563,77.74380369313052,833.0714285714286,0.8658994651474293
0.641113281,7.31640625,17.4453125,5.987792969,71.88476563,122.69470997942913,873.1346153846154,0.6816189940887101
0.641113281,4.39453125,4.2734375,5.987792969,71.88476563,102.50107979512373,864.2692307692307,4.188085481019341
0.641113281,4.39453125,17.4453125,2.059082031,71.88476563,123.03166226040334,877.1730769230769,1.042113719958405
0.641113281,4.39453125,17.4453125,5.987792969,51.43554688,128.99644650725185,871.3888888888889,1.685724973336556
0.641113281,7.31640625,4.2734375,2.059082031,51.43554688,110.58307697994641,845.0277777777778,7.486711139071835
0.423339844,4.39453125,4.2734375,2.059082031,51.43554688,71.66667327822383,815.2241379310345,2.3897331829173885
0.423339844,7.31640625,17.4453125,2.059082031,51.43554688,76.91321123501078,858.6724137931035,0.5079503828632296
0.423339844,7.31640625,4.2734375,5.987792969,51.43554688,69.50555673649595,803.3965517241379,3.3748882275344774
0.423339844,7.31640625,4.2734375,2.059082031,71.88476563,64.49958150568793,800.5833333333334,1.0483317003050314
0.423339844,7.31640625,4.2734375,2.059082031,51.43554688,69.50555673649595,803.3965517241379,3.3748882275344774
0.141113281,8.39453125,41.4453125,1.487792969,41.88476563,38.6725088736826,528.1805555555555,0.0887749394434919
0.923339844,8.39453125,41.4453125,1.487792969,41.88476563,256.6086198013713,806.6666666666666,1.9593155032966458
0.141113281,3.31640625,41.4453125,1.487792969,41.88476563,24.6004243688129,415.3333333333333,95.97599688024957
0.141113281,8.39453125,28.2734375,1.487792969,41.88476563,28.708129518302858,762.4027777777778,0.056837016827763015
0.141113281,8.39453125,41.4453125,6.559082031,41.88476563,38.6725088736826,528.1805555555555,0.0887749394434919
0.141113281,8.39453125,41.4453125,1.487792969,21.43554688,31.343654628180882,626.8888888888889,1.5040592532701018
0.141113281,3.31640625,28.2734375,6.559082031,21.43554688,31.793635198187758,703.0277777777778,0.16382441683597956
0.923339844,8.39453125,28.2734375,6.559082031,21.43554688,147.85466175456656,783.75,4.139696606392853
0.923339844,3.31640625,41.4453125,6.559082031,21.43554688,214.18420767749058,719.25,4.634994662211228
0.923339844,3.31640625,28.2734375,1.487792969,21.43554688,219.3290885453377,771.5,4.93229563123925
0.923339844,3.31640625,28.2734375,6.559082031,41.88476563,329.1337821618002,793.1666666666666,5.621987717006463
0.923339844,3.31640625,28.2734375,6.559082031,21.43554688,219.3290885453377,771.5,4.93229563123925
0.203613281,3.89453125,14.4453125,4.300292969,75.63476563,31.439680813053563,856.0,0.07042534749152514
0.860839844,3.89453125,14.4453125,4.300292969,75.63476563,193.40960765095113,885.5909090909091,5.290498429500006
0.203613281,9.81640625,14.4453125,4.300292969,75.63476563,27.965814434819585,873.4016393442623,0.15361108760450765
0.203613281,3.89453125,43.2734375,4.300292969,75.63476563,44.80153494203479,660.639344262295,0.06833006626405919
0.203613281,3.89453125,14.4453125,8.246582031,75.63476563,31.439680813053563,856.0,0.07042534749152514
0.203613281,3.89453125,14.4453125,4.300292969,62.68554688,34.74929937435946,842.92,0.23287002880356972
0.203613281,9.81640625,43.2734375,8.246582031,62.68554688,45.2232337962491,685.18,0.05408245377036343
0.860839844,3.89453125,43.2734375,8.246582031,62.68554688,232.79144477820535,847.0555555555555,3.410323064292447
0.860839844,9.81640625,14.4453125,8.246582031,62.68554688,191.77598855011342,885.8333333333334,2.6464363926808536
0.860839844,9.81640625,43.2734375,4.300292969,62.68554688,236.5599012153848,840.6111111111111,1.7520933692706024
0.860839844,9.81640625,43.2734375,8.246582031,75.63476563,247.96660799736875,845.4545454545455,2.839769092224927
0.860839844,9.81640625,43.2734375,8.246582031,62.68554688,236.5599012153848,840.6111111111111,1.7520933692706024
0.703613281,7.89453125,38.4453125,8.800292969,45.63476563,163.07547775988317,824.8928571428571,0.3796736662247492
0.360839844,7.89453125,38.4453125,8.800292969,45.63476563,83.50759847526601,761.8275862068965,0.07576273495666475
0.703613281,5.81640625,38.4453125,8.800292969,45.63476563,143.59633020276124,851.3214285714286,0.4063755059795239
0.703613281,7.89453125,19.2734375,8.800292969,45.63476563,134.32915515045417,868.1428571428571,0.934527840865397
0.703613281,7.89453125,38.4453125,3.746582031,45.63476563,163.07547775988317,824.8928571428571,0.3796736662247492
0.703613281,7.89453125,38.4453125,8.800292969,32.68554688,160.37432158417946,790.0,0.9977902207419791
0.703613281,5.81640625,19.2734375,3.746582031,32.68554688,152.94692227638183,838.45,1.301880874695441
0.360839844,7.89453125,19.2734375,3.746582031,32.68554688,81.28628953783634,750.9761904761905,1.0196412738511427
0.360839844,5.81640625,38.4453125,3.746582031,32.68554688,69.50426619872717,834.9047619047619,0.10289033773180412
0.360839844,5.81640625,19.2734375,8.800292969,32.68554688,79.93036049957729,762.5952380952381,0.5136120556607636
0.360839844,5.81640625,19.2734375,3.746582031,45.63476563,62.734735477576166,863.2586206896551,0.22943657864313874
0.360839844,5.81640625,19.2734375,3.746582031,32.68554688,79.93036049957729,762.5952380952381,0.5136120556607636
0.953613281,5.89453125,2.4453125,2.050292969,30.63476563,223.57431214731406,865.0,6.73492685272978
0.110839844,5.89453125,2.4453125,2.050292969,30.63476563,19.264328554062846,436.9107142857143,18.255239549838464
0.953613281,7.81640625,2.4453125,2.050292969,30.63476563,234.01239382618988,862.0,5.574341128370361
0.953613281,5.89453125,7.2734375,2.050292969,30.63476563,194.26798652369834,865.0,4.899481221054333
0.953613281,5.89453125,2.4453125,1.496582031,30.63476563,223.57431214731406,865.0,6.73492685272978
0.953613281,5.89453125,2.4453125,2.050292969,47.68554688,234.1782586140029,889.75,6.597596098432156
0.953613281,7.81640625,7.2734375,1.496582031,47.68554688,241.46660784900428,879.0,9.336742733974825
0.110839844,5.89453125,7.2734375,1.496582031,47.68554688,15.67283482772174,899.8255813953489,0.13273179799040336
0.110839844,7.81640625,2.4453125,1.496582031,47.68554688,22.649680265077873,457.5581395348837,62.20678773247447
0.110839844,7.81640625,7.2734375,2.050292969,47.68554688,15.249246878650775,896.1046511627907,0.29721274743167886
0.110839844,7.81640625,7.2734375,1.496582031,30.63476563,16.863634309640386,847.1964285714286,0.4675994301565367
0.110839844,7.81640625,7.2734375,1.496582031,47.68554688,15.249246878650775,896.1046511627907,0.29721274743167886
0.453613281,9.89453125,26.4453125,6.550292969,60.63476563,86.59949491908306,842.6060606060606,0.4819265606059207
0.610839844,9.89453125,26.4453125,6.550292969,60.63476563,126.24839021981438,844.0,0.8764821731264913
0.453613281,3.81640625,26.4453125,6.550292969,60.63476563,92.03982365893103,835.8484848484849,0.3365964016960312
0.453613281,9.89453125,31.2734375,6.550292969,60.63476563,80.99937626994871,865.3181818181819,0.35006100577111104
0.453613281,9.89453125,26.4453125,5.996582031,60.63476563,86.59949491908306,842.6060606060606,0.4819265606059207
0.453613281,9.89453125,26.4453125,6.550292969,77.68554688,98.52213431748783,776.4651162790698,0.5877310489734663
0.453613281,3.81640625,31.2734375,5.996582031,77.68554688,94.3720930863598,818.6627906976744,0.17334903384180658
0.610839844,9.89453125,31.2734375,5.996582031,77.68554688,110.8592594847633,883.95,0.7633805252352842
0.610839844,3.81640625,26.4453125,5.996582031,77.68554688,123.96594566443339,864.0833333333334,0.7235036852452416
0.610839844,3.81640625,31.2734375,6.550292969,77.68554688,147.90070846208417,816.2833333333333,0.6971204191909236
0.610839844,3.81640625,31.2734375,5.996582031,60.63476563,131.10325366699317,843.4375,0.8900893489192359
0.610839844,3.81640625,31.2734375,5.996582031,77.68554688,147.90070846208417,816.2833333333333,0.6971204191909236
0.328613281,4.89453125,44.4453125,7.675292969,53.13476563,64.96954480240836,813.6388888888889,0.05707635552001181
0.985839844,4.89453125,44.4453125,7.675292969,53.13476563,259.9580909378818,842.5,5.015051932068027
0.328613281,6.81640625,44.4453125,7.675292969,53.13476563,78.93534164139139,710.5833333333334,0.15055616386661158
0.328613281,4.89453125,13.2734375,7.675292969,53.13476563,53.75330953235269,863.8333333333334,0.3438684567487938
0.328613281,4.89453125,44.4453125,2.621582031,53.13476563,64.96954480240836,813.6388888888889,0.05707635552001181
0.328613281,4.89453125,44.4453125,7.675292969,25.18554688,67.55977673964755,756.9705882352941,0.34883527682827314
0.328613281,6.81640625,13.2734375,2.621582031,25.18554688,58.632970863027104,846.4411764705883,1.2967965051828994
0.985839844,4.89453125,13.2734375,2.621582031,25.18554688,0,0,8.260145864678366
0.985839844,6.81640625,44.4453125,2.621582031,25.18554688,0,0,13.18999694975621
0.985839844,6.81640625,13.2734375,7.675292969,25.18554688,0,0,7.465039945368595
0.985839844,6.81640625,13.2734375,2.621582031,53.13476563,272.91529675746136,886.0,7.067871317792151
0.985839844,6.81640625,13.2734375,2.621582031,25.18554688,0,0,7.465039945368595
0.828613281,8.89453125,20.4453125,3.175292969,23.13476563,190.64995293734023,809.375,5.597078861944942
0.485839844,8.89453125,20.4453125,3.175292969,23.13476563,88.23911758301938,821.5416666666666,0.39225973418939414
0.828613281,2.81640625,20.4453125,3.175292969,23.13476563,230.16120112142056,762.0,9.921269502403941
0.828613281,8.89453125,37.2734375,3.175292969,23.13476563,164.67999181038348,754.5,1.6792774168411595
0.828613281,8.89453125,20.4453125,7.121582031,23.13476563,190.64995293734023,809.375,5.597078861944942
0.828613281,8.89453125,20.4453125,3.175292969,55.18554688,214.15027809806207,856.1666666666666,4.467181439587012
0.828613281,2.81640625,37.2734375,7.121582031,55.18554688,250.65764958541052,824.5,1.5556859326121892
0.485839844,8.89453125,37.2734375,7.121582031,55.18554688,92.52059153852561,857.7321428571429,0.3055766647123288
0.485839844,2.81640625,20.4453125,7.121582031,55.18554688,106.6130314599261,807.7857142857143,0.7417008754809303
0.485839844,2.81640625,37.2734375,3.175292969,55.18554688,117.35430274122304,781.5892857142857,0.4865711149105574
0.485839844,2.81640625,37.2734375,7.121582031,23.13476563,111.31545668658781,716.25,3.6228979909998045
0.485839844,2.81640625,37.2734375,7.121582031,55.18554688,117.35430274122304,781.5892857142857,0.4865711149105574
0.578613281,2.89453125,32.4453125,9.925292969,38.13476563,121.97463579128551,826.96875,0.8359245020085566
0.235839844,2.89453125,32.4453125,9.925292969,38.13476563,56.71565337634076,669.9310344827586,0.24056168804727132
0.578613281,8.81640625,32.4453125,9.925292969,38.13476563,139.73448070739423,776.3125,1.2613144880358407
0.578613281,2.89453125,49.2734375,9.925292969,38.13476563,143.39780740356707,764.71875,0.5000494787336265
0.578613281,2.89453125,32.4453125,9.371582031,38.13476563,121.97463579128551,826.96875,0.8359245020085566
0.578613281,2.89453125,32.4453125,9.925292969,70.18554688,146.80794561842964,796.6206896551724,0.800875737306068
0.578613281,8.81640625,49.2734375,9.371582031,70.18554688,112.96731702559552,857.5344827586207,0.21188606578420457
0.235839844,2.89453125,49.2734375,9.371582031,70.18554688,66.4723578427876,583.2924528301887,0.19884902804708027
0.235839844,8.81640625,32.4453125,9.371582031,70.18554688,58.200036013193944,626.1509433962265,0.09036453184368735
0.235839844,8.81640625,49.2734375,9.925292969,70.18554688,62.331473707229584,647.188679245283,0.0831950928617422
0.235839844,8.81640625,49.2734375,9.371582031,38.13476563,47.489434093547054,817.0344827586207,0.05416844834477325
0.235839844,8.81640625,49.2734375,9.371582031,70.18554688,62.331473707229584,647.188679245283,0.0831950928617422
0.078613281,6.89453125,8.4453125,5.425292969,68.13476563,10.56102274141155,935.7301587301587,0.015126212044019458
0.735839844,6.89453125,8.4453125,5.425292969,68.13476563,128.83920766135077,893.1944444444445,4.274696635577413
0.078613281,4.81640625,8.4453125,5.425292969,68.13476563,11.30655729059978,914.2698412698413,0.048433988006178666
0.078613281,6.89453125,25.2734375,5.425292969,68.13476563,15.93100736230522,622.1666666666666,0.10945802352459111
0.078613281,6.89453125,8.4453125,4.871582031,68.13476563,10.56102274141155,935.7301587301587,0.015126212044019458
0.078613281,6.89453125,8.4453125,5.425292969,40.18554688,12.22939725294229,862.027027027027,0.490409831909964
0.078613281,4.81640625,25.2734375,4.871582031,40.18554688,16.3849316405229,622.7972972972973,0.07263437088053205
0.735839844,6.89453125,25.2734375,4.871582031,40.18554688,175.68180126415982,823.8636363636364,2.3439173739112946
0.735839844,4.81640625,8.4453125,4.871582031,40.18554688,135.328048023017,868.3636363636364,5.115900646142874
0.735839844,4.81640625,25.2734375,5.425292969,40.18554688,164.22949750139563,837.4545454545455,3.027114883912775
0.735839844,4.81640625,25.2734375,4.871582031,68.13476563,161.17512512063283,873.1111111111111,1.3784970725752177
0.735839844,4.81640625,25.2734375,4.871582031,40.18554688,164.22949750139563,837.4545454545455,3.027114883912775
