0.876464844,8.93359375,17.4921875,2.006347656,45.92773438,234.304511617,846.3333333333334,6.40476417911
0.876464844,6.01171875,48.1953125,2.006347656,45.92773438,214.444869955,821.0,2.280801502
0.876464844,6.01171875,17.4921875,8.395996094,45.92773438,212.837191304,861.0,6.28910366684
0.876464844,6.01171875,17.4921875,2.006347656,52.78320313,220.093426585,859.9285714285714,5.94538871831
0.876464844,8.93359375,48.1953125,8.395996094,52.78320313,232.207269302,824.0,3.22710856598
0.469238281,6.01171875,48.1953125,8.395996094,52.78320313,109.956808014,804.6428571428571,0.190127735322
0.469238281,8.93359375,17.4921875,8.395996094,52.78320313,83.0792563987,866.0535714285714,0.480557038034
0.469238281,8.93359375,48.1953125,2.006347656,52.78320313,90.096220343,854.125,0.128772945734
0.469238281,8.93359375,48.1953125,8.395996094,45.92773438,89.8694735872,849.6041666666666,0.152467596291
0.469238281,8.93359375,48.1953125,8.395996094,52.78320313,90.096220343,854.125,0.128772945734
0.626464844,4.01171875,29.4921875,8.756347656,30.92773438,125.591868003,813.25,1.13838700159
0.219238281,4.01171875,29.4921875,8.756347656,30.92773438,55.7217584477,648.9791666666666,0.148103840542
0.626464844,2.93359375,29.4921875,8.756347656,30.92773438,146.418188947,791.5416666666666,1.3351635505
0.626464844,4.01171875,36.1953125,8.756347656,30.92773438,133.777825055,791.0416666666666,0.85870329958
0.626464844,4.01171875,29.4921875,6.145996094,30.92773438,125.591868003,813.25,1.13838700159
0.626464844,4.01171875,29.4921875,8.756347656,67.78320313,152.538808369,827.2,1.45437650628
0.626464844,2.93359375,36.1953125,6.145996094,67.78320313,156.291200243,825.02,1.12829923845
0.219238281,4.01171875,36.1953125,6.145996094,67.78320313,42.1393715499,802.5094339622641,0.0591253010008
0.219238281,2.93359375,29.4921875,6.145996094,67.78320313,46.8884377061,723.3301886792453,0.121401501018
0.219238281,2.93359375,36.1953125,8.756347656,67.78320313,51.8616570459,666.2735849056604,0.0675803053686
0.219238281,2.93359375,36.1953125,6.145996094,30.92773438,48.8248970211,747.6666666666666,0.615800302128
0.219238281,2.93359375,36.1953125,6.145996094,67.78320313,51.8616570459,666.2735849056604,0.0675803053686
0.126464844,8.01171875,5.4921875,4.256347656,60.92773438,22.110332788,644.6509433962265,1.57564226107
0.719238281,8.01171875,5.4921875,4.256347656,60.92773438,137.05871895,854.4705882352941,5.89585179608
0.126464844,6.93359375,5.4921875,4.256347656,60.92773438,22.4100847263,680.433962264151,0.890608895246
0.126464844,8.01171875,12.1953125,4.256347656,60.92773438,20.3655608775,868.4245283018868,0.124131773111
0.126464844,8.01171875,5.4921875,1.645996094,60.92773438,22.110332788,644.6509433962265,1.57564226107
0.126464844,8.01171875,5.4921875,4.256347656,37.78320313,26.7320538945,602.1060606060606,0.900598864875
0.126464844,6.93359375,12.1953125,1.645996094,37.78320313,22.4875147536,843.6666666666666,0.181324129841
0.719238281,8.01171875,12.1953125,1.645996094,37.78320313,151.417221952,843.1818181818181,8.28389030411
0.719238281,6.93359375,5.4921875,1.645996094,37.78320313,143.739839465,823.1818181818181,5.65546064423
0.719238281,6.93359375,12.1953125,4.256347656,37.78320313,146.390927219,852.6363636363636,2.70961092039
0.719238281,6.93359375,12.1953125,1.645996094,60.92773438,133.852443105,885.7941176470588,2.86452683122
0.719238281,6.93359375,12.1953125,1.645996094,37.78320313,146.390927219,852.6363636363636,2.70961092039
0.188964844,3.51171875,26.4921875,1.443847656,27.17773438,40.605627315,727.4318181818181,0.103876326496
0.531738281,3.51171875,26.4921875,1.443847656,27.17773438,110.112786583,815.4615384615385,0.373248603826
0.188964844,4.43359375,26.4921875,1.443847656,27.17773438,40.605627315,727.4318181818181,0.103876326496
0.188964844,3.51171875,21.1953125,1.443847656,27.17773438,37.697784511,790.2727272727273,0.076710602797
0.188964844,3.51171875,26.4921875,3.333496094,27.17773438,40.605627315,727.4318181818181,0.103876326496
0.188964844,3.51171875,26.4921875,1.443847656,79.03320313,35.408547354,787.625,0.0543457759817
0.188964844,4.43359375,21.1953125,3.333496094,79.03320313,37.6356725328,730.640625,0.0780579021385
0.531738281,3.51171875,21.1953125,3.333496094,79.03320313,99.5675992105,853.5405405405405,0.788258988381
0.531738281,4.43359375,26.4921875,3.333496094,79.03320313,96.8060782014,874.0945945945946,0.313236995995
0.531738281,4.43359375,21.1953125,1.443847656,79.03320313,99.5675992105,853.5405405405405,0.788258988381
0.531738281,4.43359375,21.1953125,3.333496094,27.17773438,105.216901664,826.7307692307693,0.716920522888
0.531738281,4.43359375,21.1953125,3.333496094,79.03320313,99.5675992105,853.5405405405405,0.788258988381
0.688964844,7.51171875,2.4921875,5.943847656,57.17773438,131.414394967,770.5277777777778,3.88454780154
0.031738281,7.51171875,2.4921875,5.943847656,57.17773438,7.49201635116,379.27272727272725,39.5739118934
0.688964844,8.43359375,2.4921875,5.943847656,57.17773438,131.414394967,770.5277777777778,3.88454780154
0.688964844,7.51171875,45.1953125,5.943847656,57.17773438,171.079529171,826.3611111111111,0.787562331262
0.688964844,7.51171875,2.4921875,7.833496094,57.17773438,131.414394967,770.5277777777778,3.88454780154
0.688964844,7.51171875,2.4921875,5.943847656,49.03320313,144.910537831,758.3666666666667,7.89716658289
0.688964844,8.43359375,45.1953125,7.833496094,49.03320313,165.226685572,826.1,0.764154976509
0.031738281,7.51171875,45.1953125,7.833496094,49.03320313,11.2334055523,305.3191489361702,1.24233399008
0.031738281,8.43359375,2.4921875,7.833496094,49.03320313,67.2064881734,310.4468085106383,28267.1476163
0.031738281,8.43359375,45.1953125,5.943847656,49.03320313,11.2334055523,305.3191489361702,1.24233399008
0.031738281,8.43359375,45.1953125,7.833496094,57.17773438,8.73284073315,402.3727272727273,0.414131080462
0.031738281,8.43359375,45.1953125,7.833496094,49.03320313,11.2334055523,305.3191489361702,1.24233399008
0.938964844,5.51171875,38.4921875,3.693847656,72.17773438,317.060784407,832.375,4.37607615307
0.281738281,5.51171875,38.4921875,3.693847656,72.17773438,52.5064720853,821.0096153846154,0.0402554892815
0.938964844,2.43359375,38.4921875,3.693847656,72.17773438,316.247091345,835.5,8.84772192194
0.938964844,5.51171875,33.1953125,3.693847656,72.17773438,310.540780787,847.0,3.50455289763
0.938964844,5.51171875,38.4921875,5.583496094,72.17773438,317.060784407,832.375,4.37607615307
0.938964844,5.51171875,38.4921875,3.693847656,34.03320313,300.763250467,770.25,9.29504645526
0.938964844,2.43359375,33.1953125,5.583496094,34.03320313,268.777348771,811.5,5.79692248274
0.281738281,5.51171875,33.1953125,5.583496094,34.03320313,62.3896019539,782.3958333333334,0.193731139424
0.281738281,2.43359375,38.4921875,5.583496094,34.03320313,73.7009017479,705.6041666666666,0.145918884556
0.281738281,2.43359375,33.1953125,3.693847656,34.03320313,78.2808835236,623.5416666666666,0.223728953473
0.281738281,2.43359375,33.1953125,5.583496094,72.17773438,53.4241058045,812.0288461538462,0.0391938716613
0.281738281,2.43359375,33.1953125,5.583496094,34.03320313,78.2808835236,623.5416666666666,0.223728953473
0.438964844,9.51171875,14.4921875,8.193847656,42.17773438,76.2827717871,849.25,0.929029798257
0.781738281,9.51171875,14.4921875,8.193847656,42.17773438,158.058821049,864.1666666666666,4.42464000871
0.438964844,6.43359375,14.4921875,8.193847656,42.17773438,81.0601220046,839.2083333333334,1.57810935865
0.438964844,9.51171875,9.1953125,8.193847656,42.17773438,61.5111461239,900.75,0.834406682627
0.438964844,9.51171875,14.4921875,1.083496094,42.17773438,76.2827717871,849.25,0.929029798257
0.438964844,9.51171875,14.4921875,8.193847656,64.03320313,66.9455092462,883.5277777777778,1.04583216433
0.438964844,6.43359375,9.1953125,1.083496094,64.03320313,64.3178490691,888.5138888888889,1.1976106188
0.781738281,9.51171875,9.1953125,1.083496094,64.03320313,136.332504919,901.1428571428571,2.16087123451
0.781738281,6.43359375,14.4921875,1.083496094,64.03320313,162.979815068,889.5,4.12622323395
0.781738281,6.43359375,9.1953125,8.193847656,64.03320313,154.493603725,887.8571428571429,4.53535921727
0.781738281,6.43359375,9.1953125,1.083496094,42.17773438,170.209320504,867.0,5.95840432062
0.781738281,6.43359375,9.1953125,1.083496094,64.03320313,154.493603725,887.8571428571429,4.53535921727
0.313964844,4.51171875,8.4921875,9.318847656,49.67773438,47.4445241569,886.9411764705883,0.379414426902
0.656738281,4.51171875,8.4921875,9.318847656,49.67773438,126.058430539,864.9117647058823,2.82416908376
0.313964844,3.43359375,8.4921875,9.318847656,49.67773438,54.769562013,856.9852941176471,0.48487399195
0.313964844,4.51171875,27.1953125,9.318847656,49.67773438,72.7138143942,721.4411764705883,0.296326635517
0.313964844,4.51171875,8.4921875,6.708496094,49.67773438,47.4445241569,886.9411764705883,0.379414426902
0.313964844,4.51171875,8.4921875,9.318847656,41.53320313,50.3578198216,868.051724137931,0.52659508297
0.313964844,3.43359375,27.1953125,6.708496094,41.53320313,61.7912848092,825.0,0.109325924259
0.656738281,4.51171875,27.1953125,6.708496094,41.53320313,149.105352137,845.2857142857143,0.633089789791
0.656738281,3.43359375,8.4921875,6.708496094,41.53320313,139.077363322,860.6428571428571,1.96036624462
0.656738281,3.43359375,27.1953125,9.318847656,41.53320313,160.790205759,826.3928571428571,0.823497614599
0.656738281,3.43359375,27.1953125,6.708496094,49.67773438,169.186663828,808.5882352941177,1.75918460105
0.656738281,3.43359375,27.1953125,6.708496094,41.53320313,160.790205759,826.3928571428571,0.823497614599
0.813964844,8.51171875,32.4921875,4.818847656,79.67773438,207.389837825,864.8666666666667,1.41367957954
0.156738281,8.51171875,32.4921875,4.818847656,79.67773438,27.3690703113,847.679104477612,0.0260169298682
0.813964844,7.43359375,32.4921875,4.818847656,79.67773438,249.765736868,826.4333333333333,3.13655031765
0.813964844,8.51171875,3.1953125,4.818847656,79.67773438,148.817307397,872.7,11.6038202719
0.813964844,8.51171875,32.4921875,2.208496094,79.67773438,207.389837825,864.8666666666667,1.41367957954
0.813964844,8.51171875,32.4921875,4.818847656,71.53320313,208.510454917,856.1538461538462,3.24369327445
0.813964844,7.43359375,3.1953125,2.208496094,71.53320313,160.893485957,862.3461538461538,8.48256466059
0.156738281,8.51171875,3.1953125,2.208496094,71.53320313,20.4958545714,781.9426229508197,3.19473030015
0.156738281,7.43359375,32.4921875,2.208496094,71.53320313,39.7362214079,492.4754098360656,0.111872563689
0.156738281,7.43359375,3.1953125,4.818847656,71.53320313,19.9403280334,796.2459016393443,5.49356134672
0.156738281,7.43359375,3.1953125,2.208496094,79.67773438,21.9987319373,776.0074626865671,5.21633939753
0.156738281,7.43359375,3.1953125,2.208496094,71.53320313,19.9403280334,796.2459016393443,5.49356134672
0.563964844,2.51171875,20.4921875,7.068847656,64.67773438,124.932782465,825.6964285714286,1.29013218483
0.406738281,2.51171875,20.4921875,7.068847656,64.67773438,81.9955248222,809.7564102564103,0.652956458738
0.563964844,5.43359375,20.4921875,7.068847656,64.67773438,113.580363816,851.9285714285714,1.28200094477
0.563964844,2.51171875,15.1953125,7.068847656,64.67773438,116.861267737,841.8571428571429,1.38102986388
0.563964844,2.51171875,20.4921875,4.458496094,64.67773438,124.932782465,825.6964285714286,1.29013218483
0.563964844,2.51171875,20.4921875,7.068847656,56.53320313,124.935578108,821.66,1.08405721293
0.563964844,5.43359375,15.1953125,4.458496094,56.53320313,100.008844731,880.18,2.30606767169
0.406738281,2.51171875,15.1953125,4.458496094,56.53320313,79.477670701,812.4705882352941,0.638506686216
0.406738281,5.43359375,20.4921875,4.458496094,56.53320313,77.3514247763,828.9117647058823,0.673970038713
0.406738281,5.43359375,15.1953125,7.068847656,56.53320313,66.8003922951,879.7058823529412,0.727109808448
0.406738281,5.43359375,15.1953125,4.458496094,64.67773438,66.267726981,874.0128205128206,0.611479508503
0.406738281,5.43359375,15.1953125,4.458496094,56.53320313,66.8003922951,879.7058823529412,0.727109808448
0.063964844,6.51171875,44.4921875,2.568847656,34.67773438,13.79081333,573.1666666666666,0.208147197169
0.906738281,6.51171875,44.4921875,2.568847656,34.67773438,207.658207786,800.5,4.25863220696
0.063964844,9.43359375,44.4921875,2.568847656,34.67773438,13.6687364501,415.969696969697,0.751882170807
0.063964844,6.51171875,39.1953125,2.568847656,34.67773438,13.7261127498,532.0757575757576,0.0830184982585
0.063964844,6.51171875,44.4921875,8.958496094,34.67773438,13.79081333,573.1666666666666,0.208147197169
0.063964844,6.51171875,44.4921875,2.568847656,26.53320313,16.4972918205,496.56,1.26270388356
0.063964844,9.43359375,39.1953125,8.958496094,26.53320313,18.4137789925,547.14,0.316798962247
0.906738281,6.51171875,39.1953125,8.958496094,26.53320313,209.649430523,754.8333333333334,3.76619208809
0.906738281,9.43359375,44.4921875,8.958496094,26.53320313,219.210867123,740.5,3.66299141205
0.906738281,9.43359375,39.1953125,2.568847656,26.53320313,236.480954519,754.6666666666666,3.57566324731
0.906738281,9.43359375,39.1953125,8.958496094,34.67773438,237.845460636,807.6666666666666,3.62479741953
0.906738281,9.43359375,39.1953125,8.958496094,26.53320313,236.480954519,754.6666666666666,3.57566324731
0.095214844,2.76171875,3.9921875,8.475097656,66.55273438,14.6096653831,777.9098360655738,0.287256331973
0.125488281,2.76171875,3.9921875,8.475097656,66.55273438,19.0894862003,809.4322033898305,0.363334338957
0.095214844,7.68359375,3.9921875,8.475097656,66.55273438,14.4431476238,779.6803278688525,2.28477434855
0.095214844,2.76171875,16.6953125,8.475097656,66.55273438,16.1911484154,768.6147540983607,0.0243279625287
0.095214844,2.76171875,3.9921875,8.114746094,66.55273438,14.6096653831,777.9098360655738,0.287256331973
0.095214844,2.76171875,3.9921875,8.475097656,50.90820313,17.3730624484,743.9021739130435,0.570113617914
0.095214844,7.68359375,16.6953125,8.114746094,50.90820313,18.6169381576,773.25,0.231502451516
0.125488281,2.76171875,16.6953125,8.114746094,50.90820313,25.2402389147,642.6666666666666,0.0697269198986
0.125488281,7.68359375,3.9921875,8.114746094,50.90820313,19.497360891,781.0444444444445,7.41408600651
0.125488281,7.68359375,16.6953125,8.475097656,50.90820313,22.5544288221,765.1222222222223,0.083159506363
0.125488281,7.68359375,16.6953125,8.114746094,66.55273438,20.5331049769,816.6864406779661,0.170221021219
0.125488281,7.68359375,16.6953125,8.114746094,50.90820313,22.5544288221,765.1222222222223,0.083159506363
0.595214844,6.76171875,27.9921875,3.975097656,36.55273438,152.731710935,773.8,1.03926323784
0.625488281,6.76171875,27.9921875,3.975097656,36.55273438,149.278894947,784.1071428571429,0.659547921933
0.595214844,3.68359375,27.9921875,3.975097656,36.55273438,126.88368951,833.7666666666667,0.455258756746
0.595214844,6.76171875,40.6953125,3.975097656,36.55273438,158.666298486,734.5,1.05451848007
0.595214844,6.76171875,27.9921875,3.614746094,36.55273438,152.731710935,773.8,1.03926323784
0.595214844,6.76171875,27.9921875,3.975097656,20.90820313,114.602558311,795.2222222222222,1.06433736795
0.595214844,3.68359375,40.6953125,3.614746094,20.90820313,98.6844263762,729.2777777777778,1.2060723585
0.625488281,6.76171875,40.6953125,3.614746094,20.90820313,91.1507313593,767.375,1.68957403904
0.625488281,3.68359375,27.9921875,3.614746094,20.90820313,135.358469036,754.875,0.89213925898
0.625488281,3.68359375,40.6953125,3.975097656,20.90820313,101.131376383,742.125,1.76476045631
0.625488281,3.68359375,40.6953125,3.614746094,36.55273438,154.144917859,793.9642857142857,0.903621129748
0.625488281,3.68359375,40.6953125,3.614746094,20.90820313,101.131376383,742.125,1.76476045631
0.845214844,4.76171875,15.9921875,6.225097656,21.55273438,228.010259495,775.1666666666666,6.6904950723
0.875488281,4.76171875,15.9921875,6.225097656,21.55273438,228.010259495,775.1666666666666,6.6904950723
0.845214844,9.68359375,15.9921875,6.225097656,21.55273438,172.313626298,805.8333333333334,3.28813690408
0.845214844,4.76171875,28.6953125,6.225097656,21.55273438,241.71807138,712.6666666666666,2.54924565404
0.845214844,4.76171875,15.9921875,1.364746094,21.55273438,228.010259495,775.1666666666666,6.6904950723
0.845214844,4.76171875,15.9921875,6.225097656,35.90820313,224.46853721,835.4166666666666,4.40767035603
0.845214844,9.68359375,28.6953125,1.364746094,35.90820313,208.62064656,816.1666666666666,3.22212769989
0.875488281,4.76171875,28.6953125,1.364746094,35.90820313,253.65125487,805.0,8.39199010999
0.875488281,9.68359375,15.9921875,1.364746094,35.90820313,212.78752137,844.0,7.89200802977
0.875488281,9.68359375,28.6953125,6.225097656,35.90820313,196.606371487,829.625,2.11458313818
0.875488281,9.68359375,28.6953125,1.364746094,21.55273438,167.971255231,779.0,4.60029387634
0.875488281,9.68359375,28.6953125,1.364746094,35.90820313,196.606371487,829.625,2.11458313818
0.345214844,8.76171875,39.9921875,1.725097656,51.55273438,67.3489912436,819.9558823529412,0.235115388793
0.375488281,8.76171875,39.9921875,1.725097656,51.55273438,75.2382665893,842.203125,0.207172029204
0.345214844,5.68359375,39.9921875,1.725097656,51.55273438,69.2245048604,830.6029411764706,0.200576686162
0.345214844,8.76171875,4.6953125,1.725097656,51.55273438,59.0257456727,748.5588235294117,3.68903106597
0.345214844,8.76171875,39.9921875,5.864746094,51.55273438,67.3489912436,819.9558823529412,0.235115388793
0.345214844,8.76171875,39.9921875,1.725097656,65.90820313,62.3798336125,855.5,0.0721368884029
0.345214844,5.68359375,4.6953125,5.864746094,65.90820313,57.9336601092,773.2558139534884,2.03138260509
0.375488281,8.76171875,4.6953125,5.864746094,65.90820313,63.731907248,758.5243902439024,5.6687179624
0.375488281,5.68359375,39.9921875,5.864746094,65.90820313,84.7928393292,780.5,0.169501477024
0.375488281,5.68359375,4.6953125,1.725097656,65.90820313,68.8430083415,716.7560975609756,6.63284460968
0.375488281,5.68359375,4.6953125,5.864746094,51.55273438,68.4095543289,740.28125,1.01013521607
0.375488281,5.68359375,4.6953125,5.864746094,65.90820313,68.8430083415,716.7560975609756,6.63284460968
0.470214844,5.76171875,33.9921875,2.850097656,59.05273438,101.334948591,819.9354838709677,0.184430229601
0.000488281,5.76171875,33.9921875,2.850097656,59.05273438,-1.50538715203e-17,439.79661016949154,0.0224851366431
0.470214844,8.68359375,33.9921875,2.850097656,59.05273438,107.018545146,795.9032258064516,0.531132924523
0.470214844,5.76171875,34.6953125,2.850097656,59.05273438,102.529316875,807.016129032258,0.149615271899
0.470214844,5.76171875,33.9921875,2.489746094,59.05273438,101.334948591,819.9354838709677,0.184430229601
0.470214844,5.76171875,33.9921875,2.850097656,28.40820313,95.7959298686,792.3666666666667,1.319000775
0.470214844,8.68359375,34.6953125,2.489746094,28.40820313,109.84242547,745.1,0.564409901953
0.000488281,5.76171875,34.6953125,2.489746094,28.40820313,-1.01506105109e-15,378.60714285714283,8.69175371938
0.000488281,8.68359375,33.9921875,2.489746094,28.40820313,3.17206578464e-17,464.82142857142856,0.0711041965778
0.000488281,8.68359375,34.6953125,2.850097656,28.40820313,-6.34413156929e-17,440.85714285714283,0.092731999533
0.000488281,8.68359375,34.6953125,2.489746094,59.05273438,0.0,329.52542372881356,0.00967265469154
0.000488281,8.68359375,34.6953125,2.489746094,28.40820313,-6.34413156929e-17,440.85714285714283,0.092731999533
0.970214844,9.76171875,9.9921875,7.350097656,29.05273438,217.289930233,852.5,3.13942507174
0.500488281,9.76171875,9.9921875,7.350097656,29.05273438,92.8920082724,855.6071428571429,2.16379098867
0.970214844,4.68359375,9.9921875,7.350097656,29.05273438,169.398232161,871.5,10.976045626
0.970214844,9.76171875,10.6953125,7.350097656,29.05273438,192.941612517,856.5,9.46525518549
0.970214844,9.76171875,9.9921875,6.989746094,29.05273438,217.289930233,852.5,3.13942507174
0.970214844,9.76171875,9.9921875,7.350097656,58.40820313,198.083708504,894.75,5.91830310493
0.970214844,4.68359375,10.6953125,6.989746094,58.40820313,192.93770219,897.5,4.29290149842
0.500488281,9.76171875,10.6953125,6.989746094,58.40820313,74.2082415261,896.1724137931035,0.908741261211
0.500488281,4.68359375,9.9921875,6.989746094,58.40820313,81.1859633603,880.8965517241379,1.31614949379
0.500488281,4.68359375,10.6953125,7.350097656,58.40820313,81.8533693557,882.1206896551724,1.1215106088
0.500488281,4.68359375,10.6953125,6.989746094,29.05273438,96.3950475171,857.75,1.47276212029
0.500488281,4.68359375,10.6953125,6.989746094,58.40820313,81.8533693557,882.1206896551724,1.1215106088
0.720214844,3.76171875,45.9921875,5.100097656,44.05273438,176.02175719,820.0833333333334,0.335980204025
0.750488281,3.76171875,45.9921875,5.100097656,44.05273438,181.107132187,810.4090909090909,0.650935671069
0.720214844,6.68359375,45.9921875,5.100097656,44.05273438,186.034623905,792.2916666666666,1.81465351746
0.720214844,3.76171875,22.6953125,5.100097656,44.05273438,181.235448076,834.7916666666666,1.91846364241
0.720214844,3.76171875,45.9921875,9.239746094,44.05273438,176.02175719,820.0833333333334,0.335980204025
0.720214844,3.76171875,45.9921875,5.100097656,73.40820313,171.236332282,852.125,0.86290997703
0.720214844,6.68359375,22.6953125,9.239746094,73.40820313,152.660491348,868.525,3.23333554724
0.750488281,3.76171875,22.6953125,9.239746094,73.40820313,181.55637256,863.0555555555555,2.54553310631
0.750488281,6.68359375,45.9921875,9.239746094,73.40820313,198.278347408,839.7777777777778,1.06091213605
0.750488281,6.68359375,22.6953125,5.100097656,73.40820313,195.907607986,834.8333333333334,4.20162735461
0.750488281,6.68359375,22.6953125,9.239746094,44.05273438,180.155407983,835.0,3.63047848678
0.750488281,6.68359375,22.6953125,9.239746094,73.40820313,195.907607986,834.8333333333334,4.20162735461
0.220214844,7.76171875,21.9921875,9.600097656,74.05273438,42.0264802555,736.0775862068965,0.129513357648
0.250488281,7.76171875,21.9921875,9.600097656,74.05273438,48.762721179,784.5090909090909,0.068501376202
0.220214844,2.68359375,21.9921875,9.600097656,74.05273438,37.7380227845,826.0603448275862,0.051808533396
0.220214844,7.76171875,46.6953125,9.600097656,74.05273438,57.7770160617,556.3706896551724,0.218008847013
0.220214844,7.76171875,21.9921875,4.739746094,74.05273438,42.0264802555,736.0775862068965,0.129513357648
0.220214844,7.76171875,21.9921875,9.600097656,43.40820313,37.0093394915,839.1176470588235,0.0515813544018
0.220214844,2.68359375,46.6953125,4.739746094,43.40820313,46.5573887551,742.6029411764706,0.0554261702817
0.250488281,7.76171875,46.6953125,4.739746094,43.40820313,62.7189090242,664.0625,0.188493277178
0.250488281,2.68359375,21.9921875,4.739746094,43.40820313,53.0039622294,797.59375,0.0685025642034
0.250488281,2.68359375,46.6953125,9.600097656,43.40820313,61.4066968516,723.15625,0.0632281537671
0.250488281,2.68359375,46.6953125,4.739746094,74.05273438,62.6123092934,691.4181818181818,0.075502326582
0.250488281,2.68359375,46.6953125,4.739746094,43.40820313,61.4066968516,723.15625,0.0632281537671
0.157714844,4.26171875,48.9921875,6.787597656,40.30273438,41.7100234148,528.1323529411765,0.823732568775
0.437988281,4.26171875,48.9921875,6.787597656,40.30273438,116.49697118,725.8636363636364,0.441063207488
0.157714844,8.18359375,48.9921875,6.787597656,40.30273438,36.1748864299,655.7941176470588,0.0914768665232
0.157714844,4.26171875,37.6953125,6.787597656,40.30273438,32.6563274264,750.1323529411765,0.0917433962946
0.157714844,4.26171875,48.9921875,3.052246094,40.30273438,41.7100234148,528.1323529411765,0.823732568775
0.157714844,4.26171875,48.9921875,6.787597656,69.65820313,34.1503741618,731.5762711864406,0.0230438677653
0.157714844,8.18359375,37.6953125,3.052246094,69.65820313,36.0128787612,639.1271186440678,0.0782626352307
0.437988281,4.26171875,37.6953125,3.052246094,69.65820313,94.9513985654,800.6538461538462,0.121351688497
0.437988281,8.18359375,48.9921875,3.052246094,69.65820313,106.336787097,774.7820512820513,0.313911566653
0.437988281,8.18359375,37.6953125,6.787597656,69.65820313,91.8150288284,818.4615384615385,0.37671464806
0.437988281,8.18359375,37.6953125,3.052246094,40.30273438,100.962906797,782.0909090909091,0.221143960244
0.437988281,8.18359375,37.6953125,3.052246094,69.65820313,91.8150288284,818.4615384615385,0.37671464806
0.657714844,8.26171875,24.9921875,2.287597656,70.30273438,137.553877488,861.625,2.4111017544
0.937988281,8.26171875,24.9921875,2.287597656,70.30273438,284.668992064,869.0,4.44005835195
0.657714844,4.18359375,24.9921875,2.287597656,70.30273438,137.733047601,859.1875,1.42650945279
0.657714844,8.26171875,13.6953125,2.287597656,70.30273438,111.144495462,899.875,1.27259096379
0.657714844,8.26171875,24.9921875,7.552246094,70.30273438,137.553877488,861.625,2.4111017544
0.657714844,8.26171875,24.9921875,2.287597656,39.65820313,142.574422869,831.7142857142857,0.795956828121
0.657714844,4.18359375,13.6953125,7.552246094,39.65820313,125.997346941,866.8928571428571,1.39612759624
0.937988281,8.26171875,13.6953125,7.552246094,39.65820313,268.535049563,859.75,4.306979337
0.937988281,4.18359375,24.9921875,7.552246094,39.65820313,229.633028996,844.25,6.90355153538
0.937988281,4.18359375,13.6953125,2.287597656,39.65820313,235.757146168,864.25,7.44031784444
0.937988281,4.18359375,13.6953125,7.552246094,70.30273438,288.817280995,873.375,7.70074235457
0.937988281,4.18359375,13.6953125,7.552246094,39.65820313,235.757146168,864.25,7.44031784444
0.907714844,2.26171875,36.9921875,9.037597656,55.30273438,280.281742499,834.8,3.24108806349
0.687988281,2.26171875,36.9921875,9.037597656,55.30273438,187.965290181,812.9117647058823,1.05152630957
0.907714844,6.18359375,36.9921875,9.037597656,55.30273438,266.103707216,834.2,1.62927242008
0.907714844,2.26171875,25.6953125,9.037597656,55.30273438,281.329620372,849.2,4.21533575038
0.907714844,2.26171875,36.9921875,9.802246094,55.30273438,280.281742499,834.8,3.24108806349
0.907714844,2.26171875,36.9921875,9.037597656,24.65820313,217.427382087,772.75,2.79888239927
0.907714844,6.18359375,25.6953125,9.802246094,24.65820313,136.43893249,822.25,8.96300509897
0.687988281,2.26171875,25.6953125,9.802246094,24.65820313,172.388749986,763.8125,2.06816874153
0.687988281,6.18359375,36.9921875,9.802246094,24.65820313,129.530541012,807.4375,0.56082456442
0.687988281,6.18359375,25.6953125,9.037597656,24.65820313,137.061748833,822.125,1.37356450984
0.687988281,6.18359375,25.6953125,9.802246094,55.30273438,169.423584888,829.9117647058823,1.36734968384
0.687988281,6.18359375,25.6953125,9.802246094,24.65820313,137.061748833,822.125,1.37356450984
0.407714844,6.26171875,12.9921875,4.537597656,25.30273438,79.8417505964,816.5333333333333,0.886286553489
0.187988281,6.26171875,12.9921875,4.537597656,25.30273438,36.9656864951,818.05,0.802676811122
0.407714844,2.18359375,12.9921875,4.537597656,25.30273438,88.6532691413,791.8666666666667,1.13741485408
0.407714844,6.26171875,49.6953125,4.537597656,25.30273438,98.2373254158,572.7333333333333,1.11656279147
0.407714844,6.26171875,12.9921875,5.302246094,25.30273438,79.8417505964,816.5333333333333,0.886286553489
0.407714844,6.26171875,12.9921875,4.537597656,54.65820313,67.7926557821,862.2121212121212,0.420495600526
0.407714844,2.18359375,49.6953125,5.302246094,54.65820313,100.160142419,747.3636363636364,0.126024532997
0.187988281,6.26171875,49.6953125,5.302246094,54.65820313,40.9776039437,746.1222222222223,0.0560540453175
0.187988281,2.18359375,12.9921875,5.302246094,54.65820313,33.6673152096,792.8111111111111,0.0844960591115
0.187988281,2.18359375,49.6953125,4.537597656,54.65820313,50.6708704435,490.8777777777778,0.378435511489
0.187988281,2.18359375,49.6953125,5.302246094,25.30273438,43.2246305791,513.975,0.973285985789
0.187988281,2.18359375,49.6953125,5.302246094,54.65820313,50.6708704435,490.8777777777778,0.378435511489
0.282714844,3.26171875,18.9921875,3.412597656,32.80273438,54.6774566992,801.7083333333334,0.111137933926
0.312988281,3.26171875,18.9921875,3.412597656,32.80273438,61.8971705945,794.2173913043479,0.45587842192
0.282714844,7.18359375,18.9921875,3.412597656,32.80273438,53.8759591319,783.8958333333334,0.117460752256
0.282714844,3.26171875,19.6953125,3.412597656,32.80273438,58.036497551,742.4791666666666,0.350703327066
0.282714844,3.26171875,18.9921875,8.677246094,32.80273438,54.6774566992,801.7083333333334,0.111137933926
0.282714844,3.26171875,18.9921875,3.412597656,47.15820313,53.2081814115,796.0441176470588,0.20439240352
0.282714844,7.18359375,19.6953125,8.677246094,47.15820313,47.9020690974,841.3382352941177,0.30922837148
0.312988281,3.26171875,19.6953125,8.677246094,47.15820313,65.2895422904,797.71875,0.136255501147
0.312988281,7.18359375,18.9921875,8.677246094,47.15820313,56.7656153099,842.484375,0.0706863459676
0.312988281,7.18359375,19.6953125,3.412597656,47.15820313,53.1239638169,861.390625,0.0764966669225
0.312988281,7.18359375,19.6953125,8.677246094,32.80273438,56.0610212721,835.7391304347826,0.500768180979
0.312988281,7.18359375,19.6953125,8.677246094,47.15820313,53.1239638169,861.390625,0.0764966669225
0.782714844,7.26171875,42.9921875,7.912597656,62.80273438,186.725504036,844.3571428571429,1.18440381647
0.812988281,7.26171875,42.9921875,7.912597656,62.80273438,211.564146336,846.2916666666666,1.45583081781
0.782714844,3.18359375,42.9921875,7.912597656,62.80273438,215.951422501,828.4642857142857,1.7158226538
0.782714844,7.26171875,43.6953125,7.912597656,62.80273438,219.429562332,820.2857142857143,1.20170505626
0.782714844,7.26171875,42.9921875,4.177246094,62.80273438,186.725504036,844.3571428571429,1.18440381647
0.782714844,7.26171875,42.9921875,7.912597656,77.15820313,215.953629776,828.7941176470588,2.09035934882
0.782714844,3.18359375,43.6953125,4.177246094,77.15820313,184.095163616,863.1764705882352,1.05175691875
0.812988281,7.26171875,43.6953125,4.177246094,77.15820313,236.916782614,836.0714285714286,1.88887953715
0.812988281,3.18359375,42.9921875,4.177246094,77.15820313,230.524085132,846.0,2.56425804191
0.812988281,3.18359375,43.6953125,7.912597656,77.15820313,221.323454392,853.5714285714286,2.24416517326
0.812988281,3.18359375,43.6953125,4.177246094,62.80273438,216.080329268,844.8333333333334,2.31204180637
0.812988281,3.18359375,43.6953125,4.177246094,77.15820313,221.323454392,853.5714285714286,2.24416517326
0.532714844,5.26171875,6.9921875,1.162597656,77.80273438,78.335078121,887.3333333333334,2.8022788928
0.562988281,5.26171875,6.9921875,1.162597656,77.80273438,78.9936957525,895.5294117647059,1.26477519013
0.532714844,9.18359375,6.9921875,1.162597656,77.80273438,69.2331020453,901.8888888888889,1.27134088522
0.532714844,5.26171875,31.6953125,1.162597656,77.80273438,102.398912893,865.375,0.735377037625
0.532714844,5.26171875,6.9921875,1.927246094,77.80273438,78.335078121,887.3333333333334,2.8022788928
0.532714844,5.26171875,6.9921875,1.162597656,62.15820313,76.7679699929,893.8620689655172,1.79538814522
0.532714844,9.18359375,31.6953125,1.927246094,62.15820313,111.67483218,829.7413793103449,0.550431736535
0.562988281,5.26171875,31.6953125,1.927246094,62.15820313,121.345342897,842.2777777777778,1.90341081228
0.562988281,9.18359375,6.9921875,1.927246094,62.15820313,71.2896591133,910.7222222222222,4.28777510748
0.562988281,9.18359375,31.6953125,1.162597656,62.15820313,102.793492159,874.6296296296297,0.806188323556
0.562988281,9.18359375,31.6953125,1.927246094,77.80273438,104.405281755,874.3382352941177,0.258576141268
0.562988281,9.18359375,31.6953125,1.927246094,62.15820313,102.793492159,874.6296296296297,0.806188323556
0.032714844,9.26171875,30.9921875,5.662597656,47.80273438,9.66609108635,558.7608695652174,0.0537374624622
0.062988281,9.26171875,30.9921875,5.662597656,47.80273438,12.8070545775,742.5888888888888,0.0218921556453
0.032714844,5.18359375,30.9921875,5.662597656,47.80273438,8.96571730194,678.0434782608696,0.0138024111748
0.032714844,9.26171875,7.6953125,5.662597656,47.80273438,7.04062788549,920.9239130434783,0.0343640566065
0.032714844,9.26171875,30.9921875,6.427246094,47.80273438,9.66609108635,558.7608695652174,0.0537374624622
0.032714844,9.26171875,30.9921875,5.662597656,32.15820313,7.13416246455,567.241935483871,0.137055921886
0.032714844,5.18359375,7.6953125,6.427246094,32.15820313,5.80074635528,819.7903225806451,0.224994195162
0.062988281,9.26171875,7.6953125,6.427246094,32.15820313,10.3790778933,875.7666666666667,0.0657614125651
0.062988281,5.18359375,30.9921875,6.427246094,32.15820313,13.9766036875,556.35,0.0944800397801
0.062988281,5.18359375,7.6953125,5.662597656,32.15820313,11.1541257795,850.5833333333334,0.0338096570186
0.062988281,5.18359375,7.6953125,6.427246094,47.80273438,10.9652757269,868.5555555555555,0.109995669966
0.062988281,5.18359375,7.6953125,6.427246094,32.15820313,11.1541257795,850.5833333333334,0.0338096570186
0.048339844,3.13671875,39.2421875,9.459472656,59.99023438,11.879071851,532.6578947368421,0.073297290403
0.203613281,3.13671875,39.2421875,9.459472656,59.99023438,43.7702224109,733.9479166666666,0.0652992804321
0.048339844,9.55859375,39.2421875,9.459472656,59.99023438,12.4019199451,360.7368421052632,0.14614202802
0.048339844,3.13671875,12.9453125,9.459472656,59.99023438,9.61346637783,783.9298245614035,0.0154660859003
0.048339844,3.13671875,39.2421875,3.755371094,59.99023438,11.879071851,532.6578947368421,0.073297290403
0.048339844,3.13671875,39.2421875,9.459472656,59.34570313,12.2950825344,550.9285714285714,0.0808842142107
0.048339844,9.55859375,12.9453125,3.755371094,59.34570313,9.60365822091,805.0803571428571,0.124958068768
0.203613281,3.13671875,12.9453125,3.755371094,59.34570313,38.0331474186,789.1063829787234,0.227386244946
0.203613281,9.55859375,39.2421875,3.755371094,59.34570313,51.1190815298,614.9255319148937,0.140042739571
0.203613281,9.55859375,12.9453125,9.459472656,59.34570313,32.407344916,858.5,0.119546329524
0.203613281,9.55859375,12.9453125,3.755371094,59.99023438,29.6106466657,891.3229166666666,0.246810398814
0.203613281,9.55859375,12.9453125,3.755371094,59.34570313,32.407344916,858.5,0.119546329524
0.548339844,7.13671875,15.2421875,4.959472656,29.99023438,99.8494004233,840.2142857142857,2.2681025666
0.703613281,7.13671875,15.2421875,4.959472656,29.99023438,142.971263818,842.0,2.06110974828
0.548339844,5.55859375,15.2421875,4.959472656,29.99023438,102.286465612,845.3214285714286,1.02550056067
0.548339844,7.13671875,36.9453125,4.959472656,29.99023438,140.44157197,713.6071428571429,0.655015654554
0.548339844,7.13671875,15.2421875,8.255371094,29.99023438,99.8494004233,840.2142857142857,2.2681025666
0.548339844,7.13671875,15.2421875,4.959472656,29.34570313,102.953634448,857.5,1.63651412635
0.548339844,5.55859375,36.9453125,8.255371094,29.34570313,118.361876641,783.3846153846154,0.90413000544
0.703613281,7.13671875,36.9453125,8.255371094,29.34570313,170.936203336,754.6111111111111,1.41699512897
0.703613281,5.55859375,15.2421875,8.255371094,29.34570313,135.644763581,843.6666666666666,1.93230595314
0.703613281,5.55859375,36.9453125,4.959472656,29.34570313,150.272612272,786.1111111111111,1.31093768075
0.703613281,5.55859375,36.9453125,8.255371094,29.99023438,144.113774894,807.2222222222222,1.37164498304
0.703613281,5.55859375,36.9453125,8.255371094,29.34570313,150.272612272,786.1111111111111,1.31093768075
0.798339844,5.13671875,27.2421875,7.209472656,44.99023438,211.064617294,829.1666666666666,2.43911403369
0.953613281,5.13671875,27.2421875,7.209472656,44.99023438,297.925839663,835.75,4.52914270641
0.798339844,7.55859375,27.2421875,7.209472656,44.99023438,188.608177581,848.3333333333334,4.96154038617
0.798339844,5.13671875,48.9453125,7.209472656,44.99023438,204.486368512,805.9444444444445,1.0365788903
0.798339844,5.13671875,27.2421875,6.005371094,44.99023438,211.064617294,829.1666666666666,2.43911403369
0.798339844,5.13671875,27.2421875,7.209472656,44.34570313,216.95924188,816.5,2.23625067019
0.798339844,7.55859375,48.9453125,6.005371094,44.34570313,185.836551327,813.3333333333334,1.12910550734
0.953613281,5.13671875,48.9453125,6.005371094,44.34570313,356.765790969,770.0,5.20620295171
0.953613281,7.55859375,27.2421875,6.005371094,44.34570313,283.233164221,835.75,7.3495603524
0.953613281,7.55859375,48.9453125,7.209472656,44.34570313,328.519223312,753.5,11.3752443923
0.953613281,7.55859375,48.9453125,6.005371094,44.99023438,315.623669729,775.5,5.32053188307
0.953613281,7.55859375,48.9453125,6.005371094,44.34570313,328.519223312,753.5,11.3752443923
0.298339844,9.13671875,3.2421875,2.709472656,74.99023438,36.8729345094,804.6792452830189,1.86555006154
0.453613281,9.13671875,3.2421875,2.709472656,74.99023438,63.5861901384,793.5243902439024,1.50298364094
0.298339844,3.55859375,3.2421875,2.709472656,74.99023438,39.3020851633,823.8396226415094,3.46584788942
0.298339844,9.13671875,24.9453125,2.709472656,74.99023438,51.8724251548,807.4056603773585,0.192681458305
0.298339844,9.13671875,3.2421875,1.505371094,74.99023438,36.8729345094,804.6792452830189,1.86555006154
0.298339844,9.13671875,3.2421875,2.709472656,74.34570313,37.6712822824,799.6538461538462,4.57945809147
0.298339844,3.55859375,24.9453125,1.505371094,74.34570313,58.2059224472,787.2692307692307,0.225988906351
0.453613281,9.13671875,24.9453125,1.505371094,74.34570313,82.2809577468,849.675,0.177567634404
0.453613281,3.55859375,3.2421875,1.505371094,74.34570313,72.4703612517,798.125,5.0981499932
0.453613281,3.55859375,24.9453125,2.709472656,74.34570313,91.3618328091,824.4125,0.540410120447
0.453613281,3.55859375,24.9453125,1.505371094,74.99023438,78.2282137523,872.7926829268292,0.285606855267
0.453613281,3.55859375,24.9453125,1.505371094,74.34570313,91.3618328091,824.4125,0.540410120447
0.423339844,4.13671875,21.2421875,1.584472656,67.49023438,91.7687722478,757.3205128205128,1.13911213582
0.078613281,4.13671875,21.2421875,1.584472656,67.49023438,20.5008460576,369.33870967741933,9.24177948124
0.423339844,6.55859375,21.2421875,1.584472656,67.49023438,71.7501489194,861.0641025641025,0.515944297739
0.423339844,4.13671875,42.9453125,1.584472656,67.49023438,95.912468402,792.3717948717949,0.230835789642
0.423339844,4.13671875,21.2421875,7.130371094,67.49023438,91.7687722478,757.3205128205128,1.13911213582
0.423339844,4.13671875,21.2421875,1.584472656,21.84570313,91.585999598,756.9230769230769,1.35569079761
0.423339844,6.55859375,42.9453125,7.130371094,21.84570313,70.3029702872,788.5384615384615,0.156182286593
0.078613281,4.13671875,42.9453125,7.130371094,21.84570313,13.430577865,491.45,17.6456260103
0.078613281,6.55859375,21.2421875,7.130371094,21.84570313,19.4155616617,681.075,1.03886441435
0.078613281,6.55859375,42.9453125,1.584472656,21.84570313,18.257761218,763.375,0.0771562983876
