0.822753906,3.81640625,42.6640625,2.806152344,76.68945313,227.41020802034114,849.0714285714286,1.834547270605824
0.933105469,3.81640625,42.6640625,2.806152344,76.68945313,304.0021667395467,838.9,4.937435503463265
0.822753906,2.45703125,42.6640625,2.806152344,76.68945313,242.799886320216,842.1428571428571,1.9864281308381193
0.822753906,3.81640625,49.3671875,2.806152344,76.68945313,226.97349774464155,847.6785714285714,1.0799746708506315
0.822753906,3.81640625,42.6640625,2.428222656,76.68945313,227.41020802034114,849.0714285714286,1.834547270605824
0.822753906,3.81640625,42.6640625,2.806152344,63.97460938,223.1020151749095,846.0454545454545,1.9525887861725866
0.822753906,2.45703125,49.3671875,2.428222656,63.97460938,276.6981892025998,801.2272727272727,2.81896568543166
0.933105469,3.81640625,49.3671875,2.428222656,63.97460938,259.9056583140443,845.0,1.0581945963229988
0.933105469,2.45703125,42.6640625,2.428222656,63.97460938,325.64438702129473,823.875,3.2867792689501854
0.933105469,2.45703125,49.3671875,2.806152344,63.97460938,356.21078890310065,800.625,3.9328523506985125
0.933105469,2.45703125,49.3671875,2.428222656,76.68945313,302.6648937078835,845.8,3.00706737747475
0.933105469,2.45703125,49.3671875,2.428222656,63.97460938,356.21078890310065,800.625,3.9328523506985125
0.322753906,7.81640625,18.6640625,7.306152344,46.68945313,57.958538151054945,820.609375,0.17204150186550368
0.433105469,7.81640625,18.6640625,7.306152344,46.68945313,80.98311367291915,836.5185185185185,0.578541609190758
0.322753906,6.45703125,18.6640625,7.306152344,46.68945313,60.38734107840858,819.390625,0.14339532247526557
0.322753906,7.81640625,25.3671875,7.306152344,46.68945313,59.11730208820964,820.640625,0.16919652665511317
0.322753906,7.81640625,18.6640625,6.928222656,46.68945313,57.958538151054945,820.609375,0.17204150186550368
0.322753906,7.81640625,18.6640625,7.306152344,33.97460938,69.27455305389917,751.7391304347826,0.47733702705985503
0.322753906,6.45703125,25.3671875,6.928222656,33.97460938,56.75369138836446,861.4347826086956,0.11841082306891557
0.433105469,7.81640625,25.3671875,6.928222656,33.97460938,98.20126727274669,782.6052631578947,0.35484208460552696
0.433105469,6.45703125,18.6640625,6.928222656,33.97460938,74.70492967439236,866.078947368421,1.445296543335563
0.433105469,6.45703125,25.3671875,7.306152344,33.97460938,98.08685995572621,797.1315789473684,0.8725722578824338
0.433105469,6.45703125,25.3671875,6.928222656,46.68945313,93.98131028793134,780.8888888888889,0.7642142561114016
0.433105469,6.45703125,25.3671875,6.928222656,33.97460938,98.08685995572621,797.1315789473684,0.8725722578824338
0.447753906,2.81640625,12.6640625,6.181152344,39.18945313,84.25553035736995,839.5,0.5253601600484715
0.058105469,2.81640625,12.6640625,6.181152344,39.18945313,10.323786316846558,737.5405405405405,0.03967949488258472
0.447753906,3.45703125,12.6640625,6.181152344,39.18945313,84.25553035736995,839.5,0.5253601600484715
0.447753906,2.81640625,43.3671875,6.181152344,39.18945313,97.85126670408717,782.4772727272727,0.13553127994847508
0.447753906,2.81640625,12.6640625,1.303222656,39.18945313,84.25553035736995,839.5,0.5253601600484715
0.447753906,2.81640625,12.6640625,6.181152344,71.47460938,81.19361376270537,839.7564102564103,0.772180043100821
0.447753906,3.45703125,43.3671875,1.303222656,71.47460938,96.80989644623848,820.5,0.13062134503027975
0.058105469,2.81640625,43.3671875,1.303222656,71.47460938,12.712364858235125,577.9328358208955,0.04820853449069688
0.058105469,3.45703125,12.6640625,1.303222656,71.47460938,10.331428456644701,787.6567164179105,0.012246322985969572
0.058105469,3.45703125,43.3671875,6.181152344,71.47460938,12.712364858235125,577.9328358208955,0.04820853449069688
0.058105469,3.45703125,43.3671875,1.303222656,39.18945313,11.649541591219151,665.4864864864865,0.024693201083173504
0.058105469,3.45703125,43.3671875,1.303222656,71.47460938,12.712364858235125,577.9328358208955,0.04820853449069688
0.947753906,6.81640625,36.6640625,1.681152344,69.18945313,305.2803603120472,841.375,4.002921439548002
0.558105469,6.81640625,36.6640625,1.681152344,69.18945313,117.42775714307169,852.6333333333333,0.37524943894345
0.947753906,7.45703125,36.6640625,1.681152344,69.18945313,305.2803603120472,841.375,4.002921439548002
0.947753906,6.81640625,19.3671875,1.681152344,69.18945313,265.7655152751204,863.5,4.761941218858222
0.947753906,6.81640625,36.6640625,5.803222656,69.18945313,305.2803603120472,841.375,4.002921439548002
0.947753906,6.81640625,36.6640625,1.681152344,41.47460938,267.5453135831294,796.5,8.336417294611225
0.947753906,7.45703125,19.3671875,5.803222656,41.47460938,251.34449848169407,836.25,14.083907723954997
0.558105469,6.81640625,19.3671875,5.803222656,41.47460938,117.00717417613652,834.7222222222222,1.003405923915576
0.558105469,7.45703125,36.6640625,5.803222656,41.47460938,129.2972951459303,799.9444444444445,0.6511429596292149
0.558105469,7.45703125,19.3671875,1.681152344,41.47460938,117.00717417613652,834.7222222222222,1.003405923915576
0.558105469,7.45703125,19.3671875,5.803222656,69.18945313,102.94680006944178,867.2333333333333,0.6217134257660161
0.558105469,7.45703125,19.3671875,5.803222656,41.47460938,117.00717417613652,834.7222222222222,1.003405923915576
0.697753906,4.81640625,24.6640625,8.431152344,54.18945313,169.95164154345971,835.6875,3.193200378300837
0.808105469,4.81640625,24.6640625,8.431152344,54.18945313,222.8124818003114,838.7,4.883733901881976
0.697753906,5.45703125,24.6640625,8.431152344,54.18945313,169.95164154345971,835.6875,3.193200378300837
0.697753906,4.81640625,7.3671875,8.431152344,54.18945313,132.39125026032426,867.40625,6.418377200290824
0.697753906,4.81640625,24.6640625,8.053222656,54.18945313,169.95164154345971,835.6875,3.193200378300837
0.697753906,4.81640625,24.6640625,8.431152344,26.47460938,159.58161125976014,794.125,0.864015753761474
0.697753906,5.45703125,7.3671875,8.053222656,26.47460938,127.85752389981047,859.75,3.0531045691802294
0.808105469,4.81640625,7.3671875,8.053222656,26.47460938,166.2516323906985,843.7,15.264200312561199
0.808105469,5.45703125,24.6640625,8.053222656,26.47460938,200.21008632702552,785.4,3.655204306683066
0.808105469,5.45703125,7.3671875,8.431152344,26.47460938,166.2516323906985,843.7,15.264200312561199
0.808105469,5.45703125,7.3671875,8.053222656,54.18945313,169.95440899799016,881.1,7.012178684769636
0.808105469,5.45703125,7.3671875,8.053222656,26.47460938,166.2516323906985,843.7,15.264200312561199
0.197753906,8.81640625,48.6640625,3.931152344,24.18945313,48.21916374813451,583.1315789473684,0.42302498346613415
0.308105469,8.81640625,48.6640625,3.931152344,24.18945313,58.553073088192264,703.9411764705883,0.5585517157911254
0.197753906,9.45703125,48.6640625,3.931152344,24.18945313,48.21916374813451,583.1315789473684,0.42302498346613415
0.197753906,8.81640625,31.3671875,3.931152344,24.18945313,52.26253867455488,606.578947368421,0.7886959154662988
0.197753906,8.81640625,48.6640625,3.553222656,24.18945313,48.21916374813451,583.1315789473684,0.42302498346613415
0.197753906,8.81640625,48.6640625,3.931152344,56.47460938,56.046262912800024,489.4555555555556,0.3285610682683871
0.197753906,9.45703125,31.3671875,3.553222656,56.47460938,41.70510047243956,749.7555555555556,0.13627902818299906
0.308105469,8.81640625,31.3671875,3.553222656,56.47460938,54.7042731956573,853.2051282051282,0.0856848582549876
0.308105469,9.45703125,48.6640625,3.553222656,56.47460938,87.04158328725482,594.0,0.21013446655135953
0.308105469,9.45703125,31.3671875,3.931152344,56.47460938,54.7042731956573,853.2051282051282,0.0856848582549876
0.308105469,9.45703125,31.3671875,3.553222656,24.18945313,64.79064208111319,676.5588235294117,0.9636762023267716
0.308105469,9.45703125,31.3671875,3.553222656,56.47460938,54.7042731956573,853.2051282051282,0.0856848582549876
0.135253906,3.31640625,21.6640625,1.118652344,57.93945313,25.599818050470823,812.61,0.03686019961456984
0.495605469,3.31640625,21.6640625,1.118652344,57.93945313,105.01685029457857,826.551724137931,0.4850178649526449
0.135253906,3.95703125,21.6640625,1.118652344,57.93945313,27.627074820384966,732.16,0.06189789179771597
0.135253906,3.31640625,40.3671875,1.118652344,57.93945313,33.04899355751969,602.81,0.13153118402545189
0.135253906,3.31640625,21.6640625,1.865722656,57.93945313,25.599818050470823,812.61,0.03686019961456984
0.135253906,3.31640625,21.6640625,1.118652344,30.22460938,28.811262634812028,690.3461538461538,1.2768409674541372
0.135253906,3.95703125,40.3671875,1.865722656,30.22460938,28.36841066251988,768.5192307692307,0.23977027862595737
0.495605469,3.31640625,40.3671875,1.865722656,30.22460938,107.68396580404706,783.2666666666667,0.1379162679362412
0.495605469,3.95703125,21.6640625,1.865722656,30.22460938,88.54185531675314,862.9333333333333,0.4942497859677915
0.495605469,3.95703125,40.3671875,1.118652344,30.22460938,102.83372973145403,805.5666666666667,0.41282291413598
0.495605469,3.95703125,40.3671875,1.865722656,57.93945313,120.55859373625098,777.4137931034483,0.44267948527889694
0.495605469,3.95703125,40.3671875,1.865722656,30.22460938,102.83372973145403,805.5666666666667,0.41282291413598
0.635253906,7.31640625,45.6640625,5.618652344,27.93945313,162.62205123705274,720.7,0.7744258750165601
0.995605469,7.31640625,45.6640625,5.618652344,27.93945313,0,0,6.542341633744783
0.635253906,7.95703125,45.6640625,5.618652344,27.93945313,139.5053520467381,780.05,0.5939963695501639
0.635253906,7.31640625,16.3671875,5.618652344,27.93945313,137.17914972375843,834.95,3.1527954893098302
0.635253906,7.31640625,45.6640625,6.365722656,27.93945313,162.62205123705274,720.7,0.7744258750165601
0.635253906,7.31640625,45.6640625,5.618652344,60.22460938,146.4757852338247,823.0,0.48006380576200697
0.635253906,7.95703125,16.3671875,6.365722656,60.22460938,128.02080524358905,863.1818181818181,1.8494828985877874
0.995605469,7.31640625,16.3671875,6.365722656,60.22460938,0,0,5.108473951728404
0.995605469,7.95703125,45.6640625,6.365722656,60.22460938,0,0,6.157256391040702
0.995605469,7.95703125,16.3671875,5.618652344,60.22460938,0,0,4.31743066559375
0.995605469,7.95703125,16.3671875,6.365722656,27.93945313,0,0,9.078203852190212
0.995605469,7.95703125,16.3671875,6.365722656,60.22460938,0,0,4.31743066559375
0.885253906,5.31640625,9.6640625,3.368652344,42.93945313,190.25672818298966,862.6,4.3394647702137386
0.745605469,5.31640625,9.6640625,3.368652344,42.93945313,157.1823213954128,858.0454545454545,4.763556030440933
0.885253906,5.95703125,9.6640625,3.368652344,42.93945313,217.1702734195481,863.2,8.742980370481925
0.885253906,5.31640625,4.3671875,3.368652344,42.93945313,193.542125852109,871.2,6.04396513110937
0.885253906,5.31640625,9.6640625,8.615722656,42.93945313,190.25672818298966,862.6,4.3394647702137386
0.885253906,5.31640625,9.6640625,3.368652344,75.22460938,223.47764761188978,887.1666666666666,6.6959788212380795
0.885253906,5.95703125,4.3671875,8.615722656,75.22460938,184.25353500445578,889.2777777777778,11.091668673711323
0.745605469,5.31640625,4.3671875,8.615722656,75.22460938,145.11571273792592,858.1052631578947,8.457669757597419
0.745605469,5.95703125,9.6640625,8.615722656,75.22460938,140.3835638280202,895.0,4.165478897673577
0.745605469,5.95703125,4.3671875,3.368652344,75.22460938,136.03217031779613,867.3947368421053,9.79476908118726
0.745605469,5.95703125,4.3671875,8.615722656,42.93945313,150.46302390650342,846.9090909090909,7.1981010006232164
0.745605469,5.95703125,4.3671875,8.615722656,75.22460938,136.03217031779613,867.3947368421053,9.79476908118726
0.385253906,9.31640625,33.6640625,7.868652344,72.93945313,96.73275715385923,689.5777777777778,0.18325106846803532
0.245605469,9.31640625,33.6640625,7.868652344,72.93945313,53.369381850756206,712.1090909090909,0.08785254414785607
0.385253906,9.95703125,33.6640625,7.868652344,72.93945313,84.23230361683216,764.7222222222222,0.13185432219999293
0.385253906,9.31640625,28.3671875,7.868652344,72.93945313,66.06310357250433,848.1,0.14366845715065538
0.385253906,9.31640625,33.6640625,4.115722656,72.93945313,96.73275715385923,689.5777777777778,0.18325106846803532
0.385253906,9.31640625,33.6640625,7.868652344,45.22460938,76.64832732039558,807.375,0.1843364785163195
0.385253906,9.95703125,28.3671875,4.115722656,45.22460938,71.72805732659681,831.0178571428571,0.3722804603415674
0.245605469,9.31640625,28.3671875,4.115722656,45.22460938,54.04062072493667,735.6617647058823,0.14133200930009118
0.245605469,9.95703125,33.6640625,4.115722656,45.22460938,65.74737206250359,566.4264705882352,0.25428285741012285
0.245605469,9.95703125,28.3671875,7.868652344,45.22460938,41.93927713813554,865.7941176470588,0.0982158958363076
0.245605469,9.95703125,28.3671875,4.115722656,72.93945313,46.28293335339152,791.7272727272727,0.1635801726629589
0.245605469,9.95703125,28.3671875,4.115722656,45.22460938,41.93927713813554,865.7941176470588,0.0982158958363076
0.260253906,4.31640625,39.6640625,8.993652344,65.43945313,50.78895438278474,831.1666666666666,0.05362481766051712
0.370605469,4.31640625,39.6640625,8.993652344,65.43945313,67.31687314098177,859.5853658536586,0.09048150139222036
0.260253906,4.95703125,39.6640625,8.993652344,65.43945313,62.94586656898384,682.5520833333334,0.3862182976475345
0.260253906,4.31640625,10.3671875,8.993652344,65.43945313,38.93725473463483,894.6770833333334,0.20458030004218886
0.260253906,4.31640625,39.6640625,9.740722656,65.43945313,50.78895438278474,831.1666666666666,0.05362481766051712
0.260253906,4.31640625,39.6640625,8.993652344,52.72460938,69.93655185855997,598.7179487179487,0.19465330487947646
0.260253906,4.95703125,10.3671875,9.740722656,52.72460938,40.056844277394156,879.9615384615385,0.21579870595992537
0.370605469,4.31640625,10.3671875,9.740722656,52.72460938,58.1531932492008,884.7878787878788,0.8453619953462292
0.370605469,4.95703125,39.6640625,9.740722656,52.72460938,81.87320250494938,786.469696969697,0.24584494959111977
0.370605469,4.95703125,10.3671875,8.993652344,52.72460938,58.9962071154405,886.3484848484849,0.6084958416848992
0.370605469,4.95703125,10.3671875,9.740722656,65.43945313,53.96761365033757,887.9024390243902,0.9059606156262914
0.370605469,4.95703125,10.3671875,9.740722656,52.72460938,58.9962071154405,886.3484848484849,0.6084958416848992
0.760253906,8.31640625,15.6640625,4.493652344,35.43945313,200.1177147059168,812.75,5.543500267057235
0.870605469,8.31640625,15.6640625,4.493652344,35.43945313,251.91243768912153,820.3,3.6849335394179272
0.760253906,8.95703125,15.6640625,4.493652344,35.43945313,166.2745257744312,850.5625,3.0240678722971763
0.760253906,8.31640625,34.3671875,4.493652344,35.43945313,210.38482739144314,777.6875,2.502819487028308
0.760253906,8.31640625,15.6640625,5.240722656,35.43945313,200.1177147059168,812.75,5.543500267057235
0.760253906,8.31640625,15.6640625,4.493652344,22.72460938,163.77356631517077,801.8333333333334,9.971097120263964
0.760253906,8.95703125,34.3671875,5.240722656,22.72460938,113.74526374941486,794.1666666666666,4.1306315593756615
0.870605469,8.31640625,34.3671875,5.240722656,22.72460938,200.98724495020636,738.0,4.546716829527107
0.870605469,8.95703125,15.6640625,5.240722656,22.72460938,176.98216457663423,824.0,12.744680033468514
0.870605469,8.95703125,34.3671875,4.493652344,22.72460938,132.78360801259055,785.1666666666666,4.154992428737164
0.870605469,8.95703125,34.3671875,5.240722656,35.43945313,224.3642599589351,794.3,2.890580476765674
0.870605469,8.95703125,34.3671875,5.240722656,22.72460938,132.78360801259055,785.1666666666666,4.154992428737164
0.510253906,2.31640625,27.6640625,6.743652344,20.43945313,127.41770970170266,677.0,1.2167470330710488
0.620605469,2.31640625,27.6640625,6.743652344,20.43945313,137.34766037901667,748.5625,1.4066655397684984
0.510253906,2.95703125,27.6640625,6.743652344,20.43945313,112.14322067342535,719.75,2.334823507123467
0.510253906,2.31640625,46.3671875,6.743652344,20.43945313,88.11336276525853,653.7,0.6939217164358945
0.510253906,2.31640625,27.6640625,2.990722656,20.43945313,127.41770970170266,677.0,1.2167470330710488
0.510253906,2.31640625,27.6640625,6.743652344,37.72460938,119.47970482841328,775.3684210526316,0.5187147740439229
0.510253906,2.95703125,46.3671875,2.990722656,37.72460938,107.22168254561234,807.578947368421,0.18757463592031062
0.620605469,2.31640625,46.3671875,2.990722656,37.72460938,175.4844566514328,742.9285714285714,1.0876804960098612
0.620605469,2.95703125,27.6640625,2.990722656,37.72460938,155.7573826232056,810.1428571428571,2.4924820658189466
0.620605469,2.95703125,46.3671875,6.743652344,37.72460938,142.51455256950587,802.0357142857143,1.3170319728016284
0.620605469,2.95703125,46.3671875,2.990722656,20.43945313,97.11163822490249,710.25,0.6239448509014625
0.620605469,2.95703125,46.3671875,2.990722656,37.72460938,142.51455256950587,802.0357142857143,1.3170319728016284
0.010253906,6.31640625,3.6640625,2.243652344,50.43945313,340.9365223158243,804.969387755102,8449.666661795978
0.120605469,6.31640625,3.6640625,2.243652344,50.43945313,19.789593272401603,790.9431818181819,0.6856126202819341
0.010253906,6.95703125,3.6640625,2.243652344,50.43945313,3.943422851968872,663.9285714285714,1.317140441838432
0.010253906,6.31640625,22.3671875,2.243652344,50.43945313,3.951086660805852,795.6836734693877,0.019266762031355043
0.010253906,6.31640625,3.6640625,7.490722656,50.43945313,340.9365223158243,804.969387755102,8449.666661795978
0.010253906,6.31640625,3.6640625,2.243652344,67.72460938,2.615314202269083,768.3432835820895,0.03483696425939619
0.010253906,6.95703125,22.3671875,7.490722656,67.72460938,19.56948443003494,297.2238805970149,715.6768742595515
0.120605469,6.31640625,22.3671875,7.490722656,67.72460938,19.82927662565788,860.0416666666666,0.023018918003058702
0.120605469,6.95703125,3.6640625,7.490722656,67.72460938,18.12607461859927,787.8333333333334,1.2854962500838534
0.120605469,6.95703125,22.3671875,2.243652344,67.72460938,25.68170391188816,601.275,0.1201651336890176
0.120605469,6.95703125,22.3671875,7.490722656,50.43945313,20.850943092604226,862.7272727272727,0.025038604642721205
0.120605469,6.95703125,22.3671875,7.490722656,67.72460938,25.68170391188816,601.275,0.1201651336890176
0.014160156,5.66015625,40.6015625,7.200683594,26.76757813,7.072531860575071e-16,534.2222222222222,0.09809970226560939
0.897949219,5.66015625,40.6015625,7.200683594,26.76757813,198.2961102148242,757.6666666666666,6.78821508087698
0.014160156,5.92578125,40.6015625,7.200683594,26.76757813,7.072531860575071e-16,534.2222222222222,0.09809970226560939
0.014160156,5.66015625,14.3046875,7.200683594,26.76757813,0.0,443.48148148148147,0.0003277677099807569
0.014160156,5.66015625,40.6015625,8.088378906,26.76757813,7.072531860575071e-16,534.2222222222222,0.09809970226560939
0.014160156,5.66015625,40.6015625,7.200683594,53.89648438,4.905674164166045,333.5188679245283,0.35647774049497366
0.014160156,5.92578125,14.3046875,8.088378906,53.89648438,3.71457086631941,788.8207547169811,0.00592576301251139
0.897949219,5.66015625,14.3046875,8.088378906,53.89648438,201.87479521144635,876.25,4.115510292671618
0.897949219,5.92578125,40.6015625,8.088378906,53.89648438,231.75918377228928,852.0833333333334,2.2641449640284157
0.897949219,5.92578125,14.3046875,7.200683594,53.89648438,201.87479521144635,876.25,4.115510292671618
0.897949219,5.92578125,14.3046875,8.088378906,26.76757813,181.2323551285605,834.1666666666666,8.264089118041287
0.897949219,5.92578125,14.3046875,8.088378906,53.89648438,201.87479521144635,876.25,4.115510292671618
0.514160156,9.66015625,16.6015625,2.700683594,56.76757813,83.43162391178411,884.0,1.1217206920877636
0.397949219,9.66015625,16.6015625,2.700683594,56.76757813,66.85859587219137,866.8235294117648,0.514175476693176
0.514160156,9.92578125,16.6015625,2.700683594,56.76757813,83.43162391178411,884.0,1.1217206920877636
0.514160156,9.66015625,38.3046875,2.700683594,56.76757813,117.75535484653973,801.6964285714286,0.2884868274432242
0.514160156,9.66015625,16.6015625,3.588378906,56.76757813,83.43162391178411,884.0,1.1217206920877636
0.514160156,9.66015625,16.6015625,2.700683594,23.89648438,96.90544666169166,821.0416666666666,1.0298382577930152
0.514160156,9.92578125,38.3046875,3.588378906,23.89648438,87.53551528163523,808.2916666666666,0.39873414111870825
0.397949219,9.66015625,38.3046875,3.588378906,23.89648438,86.2755043305413,739.1785714285714,0.22372120285703392
0.397949219,9.92578125,16.6015625,3.588378906,23.89648438,79.61534128691235,815.9642857142857,0.6143093426862766
0.397949219,9.92578125,38.3046875,2.700683594,23.89648438,86.2755043305413,739.1785714285714,0.22372120285703392
0.397949219,9.92578125,38.3046875,3.588378906,56.76757813,75.22898523413922,853.1176470588235,0.09286567965542282
0.397949219,9.92578125,38.3046875,3.588378906,23.89648438,86.2755043305413,739.1785714285714,0.22372120285703392
0.764160156,3.66015625,28.6015625,9.450683594,71.76757813,185.80789307317,856.7647058823529,1.6089811825947187
0.147949219,3.66015625,28.6015625,9.450683594,71.76757813,29.138379360848056,765.5819672131148,0.05391485587447334
0.764160156,3.92578125,28.6015625,9.450683594,71.76757813,185.80789307317,856.7647058823529,1.6089811825947187
0.764160156,3.66015625,26.3046875,9.450683594,71.76757813,188.4064628719358,856.9411764705883,2.111637763473563
0.764160156,3.66015625,28.6015625,1.338378906,71.76757813,185.80789307317,856.7647058823529,1.6089811825947187
0.764160156,3.66015625,28.6015625,9.450683594,38.89648438,176.0351043137257,833.8333333333334,2.565630898744184
0.764160156,3.92578125,26.3046875,1.338378906,38.89648438,174.46912183257479,851.0,1.3382843621317007
0.147949219,3.66015625,26.3046875,1.338378906,38.89648438,34.41826924978051,656.469696969697,0.07775465729046022
0.147949219,3.92578125,28.6015625,1.338378906,38.89648438,34.296256505430335,670.8181818181819,0.06472722569319972
0.147949219,3.92578125,26.3046875,9.450683594,38.89648438,34.41826924978051,656.469696969697,0.07775465729046022
0.147949219,3.92578125,26.3046875,1.338378906,71.76757813,34.731115214174785,622.0737704918033,0.18086991240968986
0.147949219,3.92578125,26.3046875,1.338378906,38.89648438,34.41826924978051,656.469696969697,0.07775465729046022
0.264160156,7.66015625,4.6015625,4.950683594,41.76757813,49.315979648216754,671.9677419354839,3.891670189084696
0.647949219,7.66015625,4.6015625,4.950683594,41.76757813,135.09952489024758,799.7666666666667,3.8276807464978804
0.264160156,7.92578125,4.6015625,4.950683594,41.76757813,49.315979648216754,671.9677419354839,3.891670189084696
0.264160156,7.66015625,2.3046875,4.950683594,41.76757813,42.317693534528786,640.5806451612904,8.241531858117702
0.264160156,7.66015625,4.6015625,5.838378906,41.76757813,49.315979648216754,671.9677419354839,3.891670189084696
0.264160156,7.66015625,4.6015625,4.950683594,68.89648438,44.874198661400875,668.5294117647059,3.13692067740507
0.264160156,7.92578125,2.3046875,5.838378906,68.89648438,37.695984185220006,674.343137254902,8.324640428966278
0.647949219,7.66015625,2.3046875,5.838378906,68.89648438,121.07982666049344,750.0,6.113572638896653
0.647949219,7.92578125,4.6015625,5.838378906,68.89648438,125.70966006113571,823.1875,5.362692411075198
0.647949219,7.92578125,2.3046875,4.950683594,68.89648438,121.07982666049344,750.0,6.113572638896653
0.647949219,7.92578125,2.3046875,5.838378906,41.76757813,134.90148727187247,725.5333333333333,5.290251176650142
0.647949219,7.92578125,2.3046875,5.838378906,68.89648438,121.07982666049344,750.0,6.113572638896653
0.389160156,2.66015625,22.6015625,3.825683594,49.26757813,87.273593276998,777.5166666666667,0.5094662546241453
0.772949219,2.66015625,22.6015625,3.825683594,49.26757813,220.4934234790886,804.2272727272727,3.9083161700028333
0.389160156,2.92578125,22.6015625,3.825683594,49.26757813,87.273593276998,777.5166666666667,0.5094662546241453
0.389160156,2.66015625,32.3046875,3.825683594,49.26757813,90.73909141967735,750.4666666666667,0.4159575070840138
0.389160156,2.66015625,22.6015625,2.463378906,49.26757813,87.273593276998,777.5166666666667,0.5094662546241453
0.389160156,2.66015625,22.6015625,3.825683594,31.39648438,85.32651389179406,780.1842105263158,1.6343465490218363
0.389160156,2.92578125,32.3046875,2.463378906,31.39648438,92.06698214995038,740.7631578947369,0.43911365175186834
0.772949219,2.66015625,32.3046875,2.463378906,31.39648438,189.92294295765615,794.2857142857143,2.9949472783567077
0.772949219,2.92578125,22.6015625,2.463378906,31.39648438,204.3665483801926,798.6428571428571,3.285939456065762
0.772949219,2.92578125,32.3046875,3.825683594,31.39648438,189.92294295765615,794.2857142857143,2.9949472783567077
0.772949219,2.92578125,32.3046875,2.463378906,49.26757813,230.6291843892814,794.7727272727273,3.0369675744642306
0.772949219,2.92578125,32.3046875,2.463378906,31.39648438,189.92294295765615,794.2857142857143,2.9949472783567077
0.889160156,6.66015625,46.6015625,8.325683594,79.26757813,299.21447922011214,833.2222222222222,1.5724843451535158
0.272949219,6.66015625,46.6015625,8.325683594,79.26757813,59.46034197681755,762.061403508772,0.05489960676088545
0.889160156,6.92578125,46.6015625,8.325683594,79.26757813,299.21447922011214,833.2222222222222,1.5724843451535158
0.889160156,6.66015625,8.3046875,8.325683594,79.26757813,211.74169078203093,888.9444444444445,3.7778423276704793
0.889160156,6.66015625,46.6015625,6.963378906,79.26757813,299.21447922011214,833.2222222222222,1.5724843451535158
0.889160156,6.66015625,46.6015625,8.325683594,61.39648438,326.4484676742426,794.9285714285714,6.5740467842751595
0.889160156,6.92578125,8.3046875,6.963378906,61.39648438,187.18256137581974,885.9285714285714,4.349475298177146
0.272949219,6.66015625,8.3046875,6.963378906,61.39648438,36.0350505595042,917.0,0.8267303513255243
0.272949219,6.92578125,46.6015625,6.963378906,61.39648438,66.30562278731168,706.25,0.10535488042516798
0.272949219,6.92578125,8.3046875,8.325683594,61.39648438,36.0350505595042,917.0,0.8267303513255243
0.272949219,6.92578125,8.3046875,6.963378906,79.26757813,34.28385869156597,915.2631578947369,0.7168781134890202
0.272949219,6.92578125,8.3046875,6.963378906,61.39648438,36.0350505595042,917.0,0.8267303513255243
0.639160156,4.66015625,10.6015625,1.575683594,64.26757813,111.5587653781716,886.2391304347826,2.214544042663914
0.022949219,4.66015625,10.6015625,1.575683594,64.26757813,2.9041723870265335,848.8809523809524,0.02754075214293317
0.639160156,4.92578125,10.6015625,1.575683594,64.26757813,111.5587653781716,886.2391304347826,2.214544042663914
0.639160156,4.66015625,20.3046875,1.575683594,64.26757813,138.8847459892716,852.3695652173913,1.7738533365867868
0.639160156,4.66015625,10.6015625,9.213378906,64.26757813,111.5587653781716,886.2391304347826,2.214544042663914
0.639160156,4.66015625,10.6015625,1.575683594,76.39648438,114.7851854963349,881.7037037037037,2.796999017291172
0.639160156,4.92578125,20.3046875,9.213378906,76.39648438,131.75752734692244,861.2777777777778,0.7554943386654314
0.022949219,4.66015625,20.3046875,9.213378906,76.39648438,5.26515523313018,698.7432432432432,0.007598316696107769
0.022949219,4.92578125,10.6015625,9.213378906,76.39648438,4.961983686548261,855.3918918918919,0.02396860609172131
0.022949219,4.92578125,20.3046875,1.575683594,76.39648438,5.26515523313018,698.7432432432432,0.007598316696107769
0.022949219,4.92578125,20.3046875,9.213378906,64.26757813,3.012945567142695,793.6984126984127,0.0036037773878350144
0.022949219,4.92578125,20.3046875,9.213378906,76.39648438,5.26515523313018,698.7432432432432,0.007598316696107769
0.139160156,8.66015625,34.6015625,6.075683594,34.26757813,33.83764421448759,679.8448275862069,0.07307714037993158
0.522949219,8.66015625,34.6015625,6.075683594,34.26757813,122.01325225744971,787.90625,0.32564158951384337
0.139160156,8.92578125,34.6015625,6.075683594,34.26757813,33.83764421448759,679.8448275862069,0.07307714037993158
0.139160156,8.66015625,44.3046875,6.075683594,34.26757813,32.924729669465265,694.1206896551724,0.10145985513811097
0.139160156,8.66015625,34.6015625,4.713378906,34.26757813,33.83764421448759,679.8448275862069,0.07307714037993158
0.139160156,8.66015625,34.6015625,6.075683594,46.39648438,27.490066963601386,714.2125,0.052244059585436806
0.139160156,8.92578125,44.3046875,4.713378906,46.39648438,28.287671080772395,714.075,0.029971292122944096
0.522949219,8.66015625,44.3046875,4.713378906,46.39648438,112.94233340757891,816.4772727272727,0.38074026514325493
0.522949219,8.92578125,34.6015625,4.713378906,46.39648438,97.51041975801745,852.0454545454545,0.27193619948807163
0.522949219,8.92578125,44.3046875,6.075683594,46.39648438,112.94233340757891,816.4772727272727,0.38074026514325493
0.522949219,8.92578125,44.3046875,4.713378906,34.26757813,112.93124698303791,794.53125,1.0470104099983741
0.522949219,8.92578125,44.3046875,4.713378906,46.39648438,112.94233340757891,816.4772727272727,0.38074026514325493
0.201660156,3.16015625,13.6015625,7.763183594,53.01757813,35.457500497459876,865.0119047619048,0.07176984226447383
0.710449219,3.16015625,13.6015625,7.763183594,53.01757813,163.31752306104136,857.9333333333333,2.8340398816816506
0.201660156,2.42578125,13.6015625,7.763183594,53.01757813,37.07737297716238,811.0833333333334,0.23612056707176748
0.201660156,3.16015625,35.3046875,7.763183594,53.01757813,58.99478259338308,497.0,0.3600589434191596
0.201660156,3.16015625,13.6015625,3.025878906,53.01757813,35.457500497459876,865.0119047619048,0.07176984226447383
0.201660156,3.16015625,13.6015625,7.763183594,65.14648438,36.40448308550184,799.7980769230769,0.12227237277625544
0.201660156,2.42578125,35.3046875,3.025878906,65.14648438,46.558122476549784,670.6923076923077,0.09100433981534772
0.710449219,3.16015625,35.3046875,3.025878906,65.14648438,168.0106965978299,843.6842105263158,0.5123734556243775
0.710449219,2.42578125,13.6015625,3.025878906,65.14648438,173.834175680939,838.6842105263158,2.8198519085178417
0.710449219,2.42578125,35.3046875,7.763183594,65.14648438,185.68748983942413,828.2631578947369,0.6328080148141362
0.710449219,2.42578125,35.3046875,3.025878906,53.01757813,207.17972989911033,798.0666666666667,2.035838567278174
0.710449219,2.42578125,35.3046875,3.025878906,65.14648438,185.68748983942413,828.2631578947369,0.6328080148141362
0.701660156,7.16015625,37.6015625,3.263183594,23.01757813,164.78738654445786,719.8571428571429,1.9990192876524278
0.210449219,7.16015625,37.6015625,3.263183594,23.01757813,47.38717321608902,661.8333333333334,0.507086301479283
0.701660156,6.42578125,37.6015625,3.263183594,23.01757813,147.286332679975,740.3571428571429,1.967827900501408
0.701660156,7.16015625,11.3046875,3.263183594,23.01757813,134.79611475287922,833.7142857142857,1.968627817758179
0.701660156,7.16015625,37.6015625,7.525878906,23.01757813,164.78738654445786,719.8571428571429,1.9990192876524278
0.701660156,7.16015625,37.6015625,3.263183594,35.14648438,166.20501253061568,806.55,0.836354593539272
0.701660156,6.42578125,11.3046875,7.525878906,35.14648438,156.584160751152,841.4,1.9894421376592104
0.210449219,7.16015625,11.3046875,7.525878906,35.14648438,34.456980343934084,855.75,0.5130379535173137
0.210449219,6.42578125,37.6015625,7.525878906,35.14648438,44.77484770185308,751.6071428571429,0.09963244679567189
0.210449219,6.42578125,11.3046875,3.263183594,35.14648438,35.19245239778564,853.3392857142857,0.6980679923864996
0.210449219,6.42578125,11.3046875,7.525878906,23.01757813,40.008097295887815,801.8611111111111,0.7278576745376069
0.210449219,6.42578125,11.3046875,7.525878906,35.14648438,35.19245239778564,853.3392857142857,0.6980679923864996
0.951660156,5.16015625,25.6015625,5.513183594,38.01757813,317.0076408008169,799.0,6.46240218741656
0.460449219,5.16015625,25.6015625,5.513183594,38.01757813,95.58629094692515,808.1428571428571,0.7371099539965191
0.951660156,4.42578125,25.6015625,5.513183594,38.01757813,277.0484536362228,828.0,7.984446533817565
0.951660156,5.16015625,23.3046875,5.513183594,38.01757813,302.1429191704675,806.75,6.193263271257287
0.951660156,5.16015625,25.6015625,9.775878906,38.01757813,317.0076408008169,799.0,6.46240218741656
0.951660156,5.16015625,25.6015625,5.513183594,20.14648438,128.46680489928295,792.0,4.836907958568545
0.951660156,4.42578125,23.3046875,9.775878906,20.14648438,234.81644296742152,742.0,10.237786055910533
0.460449219,5.16015625,23.3046875,9.775878906,20.14648438,96.47700518505168,760.1818181818181,1.1912657838549765
0.460449219,4.42578125,25.6015625,9.775878906,20.14648438,90.6909104999467,773.3181818181819,0.6070456436612498
0.460449219,4.42578125,23.3046875,5.513183594,20.14648438,93.70462676150436,754.4545454545455,2.21299963080619
0.460449219,4.42578125,23.3046875,9.775878906,38.01757813,89.85793546973139,840.0952380952381,0.3072353167470451
0.460449219,4.42578125,23.3046875,9.775878906,20.14648438,93.70462676150436,754.4545454545455,2.21299963080619
0.451660156,9.16015625,49.6015625,1.013183594,68.01757813,93.27686730682417,812.418918918919,0.19177591910139188
0.960449219,9.16015625,49.6015625,1.013183594,68.01757813,291.40508831267204,836.5,6.509782548076572
0.451660156,8.42578125,49.6015625,1.013183594,68.01757813,87.85557236226808,847.0405405405405,0.32123554483975747
0.451660156,9.16015625,47.3046875,1.013183594,68.01757813,79.56100410159344,873.418918918919,0.10895246160139015
0.451660156,9.16015625,49.6015625,5.275878906,68.01757813,93.27686730682417,812.418918918919,0.19177591910139188
0.451660156,9.16015625,49.6015625,1.013183594,50.14648438,109.68156985972544,760.0185185185185,0.3394188470316463
0.451660156,8.42578125,47.3046875,5.275878906,50.14648438,102.89471776060017,780.5185185185185,0.3086538002322261
0.960449219,9.16015625,47.3046875,5.275878906,50.14648438,305.9513722751814,798.5,8.553577327815033
0.960449219,8.42578125,49.6015625,5.275878906,50.14648438,302.8841465246852,778.5,8.096546028608183
0.960449219,8.42578125,47.3046875,1.013183594,50.14648438,279.90884594349063,812.75,7.558659059289405
0.960449219,8.42578125,47.3046875,5.275878906,68.01757813,414.7878170148672,796.5,4.735539657321847
0.960449219,8.42578125,47.3046875,5.275878906,50.14648438,279.90884594349063,812.75,7.558659059289405
0.326660156,4.16015625,31.6015625,2.138183594,75.51757813,80.55778697261385,675.4313725490196,0.2700516975543208
0.585449219,4.16015625,31.6015625,2.138183594,75.51757813,118.9208525265029,854.265625,0.97070094087012
0.326660156,5.42578125,31.6015625,2.138183594,75.51757813,56.242582062021235,871.6274509803922,0.07694050663613629
0.326660156,4.16015625,17.3046875,2.138183594,75.51757813,50.73725246338063,883.7549019607843,0.14907878933486485
0.326660156,4.16015625,31.6015625,8.650878906,75.51757813,80.55778697261385,675.4313725490196,0.2700516975543208
0.326660156,4.16015625,31.6015625,2.138183594,42.64648438,84.79534252133152,678.4827586206897,0.46279028942266953
0.326660156,5.42578125,17.3046875,8.650878906,42.64648438,58.42879598691336,848.4827586206897,0.19381877522494823
0.585449219,4.16015625,17.3046875,8.650878906,42.64648438,119.66346093767028,851.5277777777778,1.080499132015479
0.585449219,5.42578125,31.6015625,8.650878906,42.64648438,122.84574691643063,831.2777777777778,0.704224140411391
0.585449219,5.42578125,17.3046875,2.138183594,42.64648438,111.80937310405007,857.5555555555555,1.1193273073254995
0.585449219,5.42578125,17.3046875,8.650878906,75.51757813,105.15959271672727,868.953125,1.8547092576534598
0.585449219,5.42578125,17.3046875,8.650878906,42.64648438,111.80937310405007,857.5555555555555,1.1193273073254995
0.826660156,8.16015625,7.6015625,6.638183594,45.51757813,175.0810627131476,868.4375,4.509293122468441
0.085449219,8.16015625,7.6015625,6.638183594,45.51757813,14.852148704102893,869.6309523809524,0.10954356631474413
0.826660156,9.42578125,7.6015625,6.638183594,45.51757813,164.1974494083981,880.5625,10.661059675935235
0.826660156,8.16015625,41.3046875,6.638183594,45.51757813,242.94572233934312,793.125,3.168724650630957
0.826660156,8.16015625,7.6015625,4.150878906,45.51757813,175.0810627131476,868.4375,4.509293122468441
0.826660156,8.16015625,7.6015625,6.638183594,72.64648438,149.9074799254978,895.6923076923077,6.473031592000919
0.826660156,9.42578125,41.3046875,4.150878906,72.64648438,212.4861563992997,858.1923076923077,2.0457576586570414
0.085449219,8.16015625,41.3046875,4.150878906,72.64648438,21.1175144055287,422.3731343283582,1.6536664221080253
0.085449219,9.42578125,7.6015625,4.150878906,72.64648438,11.561276751867098,925.4253731343283,0.14297154996873424
0.085449219,9.42578125,41.3046875,6.638183594,72.64648438,23.071177017763542,334.5074626865672,0.34264690943187803
0.085449219,9.42578125,41.3046875,4.150878906,45.51757813,21.614707466367662,543.3571428571429,0.09534004239211301
0.085449219,9.42578125,41.3046875,4.150878906,72.64648438,23.071177017763542,334.5074626865672,0.34264690943187803
0.576660156,2.16015625,43.6015625,4.388183594,30.51757813,156.08055586374073,694.0384615384615,0.5257806313626482
0.335449219,2.16015625,43.6015625,4.388183594,30.51757813,89.77801210278005,573.5714285714286,0.41757653950731466
0.576660156,3.42578125,43.6015625,4.388183594,30.51757813,129.11804622707598,790.9230769230769,0.5692764523807855
0.576660156,2.16015625,29.3046875,4.388183594,30.51757813,136.92766367589337,785.3846153846154,1.5211167016529066
0.576660156,2.16015625,43.6015625,1.900878906,30.51757813,156.08055586374073,694.0384615384615,0.5257806313626482
0.576660156,2.16015625,43.6015625,4.388183594,57.64648438,166.92458187282602,732.92,0.615463467256107
0.576660156,3.42578125,29.3046875,1.900878906,57.64648438,134.78184776241812,804.36,0.4286819999062836
0.335449219,2.16015625,29.3046875,1.900878906,57.64648438,68.57604343346304,792.9871794871794,0.09619619925164417
0.335449219,3.42578125,43.6015625,1.900878906,57.64648438,104.61865030500773,477.3076923076923,0.464840421446448
0.335449219,3.42578125,29.3046875,4.388183594,57.64648438,62.483055174091405,838.8589743589744,0.15444094613162068
0.335449219,3.42578125,29.3046875,1.900878906,30.51757813,76.65625776123699,707.8809523809524,0.3555552341331944
0.335449219,3.42578125,29.3046875,1.900878906,57.64648438,62.483055174091405,838.8589743589744,0.15444094613162068
0.076660156,6.16015625,19.6015625,8.888183594,60.51757813,13.59138900840782,854.7678571428571,0.014218170943273942
0.835449219,6.16015625,19.6015625,8.888183594,60.51757813,187.9501482256799,879.5,2.8297710952384634
0.076660156,7.42578125,19.6015625,8.888183594,60.51757813,14.786328874228234,772.8928571428571,0.013383556800971749
0.076660156,6.16015625,5.3046875,8.888183594,60.51757813,14.788861881001832,617.0446428571429,0.7259803771508925
0.076660156,6.16015625,19.6015625,6.400878906,60.51757813,13.59138900840782,854.7678571428571,0.014218170943273942
0.076660156,6.16015625,19.6015625,8.888183594,27.64648438,14.64399593555309,723.2884615384615,0.02258856615846454
0.076660156,7.42578125,5.3046875,6.400878906,27.64648438,14.331431227151104,538.4230769230769,18.54083229329665
0.835449219,6.16015625,5.3046875,6.400878906,27.64648438,176.22006968434403,838.4,12.272489096106222
0.835449219,7.42578125,19.6015625,6.400878906,27.64648438,208.11694338521073,803.2,3.976953939680624
0.835449219,7.42578125,5.3046875,8.888183594,27.64648438,195.81584661605854,822.0,6.24715568918021
0.835449219,7.42578125,5.3046875,6.400878906,60.51757813,175.2209527287538,879.2,4.74573494758673
0.835449219,7.42578125,5.3046875,6.400878906,27.64648438,195.81584661605854,822.0,6.24715568918021
0.107910156,2.41015625,36.1015625,1.856933594,39.89257813,21.24889491037758,713.0,0.021124383848344346
0.116699219,2.41015625,36.1015625,1.856933594,39.89257813,28.86203797563512,660.8285714285714,0.0938713144495651
0.107910156,9.67578125,36.1015625,1.856933594,39.89257813,18.605102655879804,813.3055555555555,0.017612299739326095
0.107910156,2.41015625,30.8046875,1.856933594,39.89257813,24.240153640881584,545.2638888888889,0.07926913304828664
0.107910156,2.41015625,36.1015625,7.244628906,39.89257813,21.24889491037758,713.0,0.021124383848344346
0.107910156,2.41015625,36.1015625,1.856933594,63.27148438,22.276558699432098,781.6696428571429,0.015392524012419776
0.107910156,9.67578125,30.8046875,7.244628906,63.27148438,24.20554018044584,631.1607142857143,0.07209003659675141
0.116699219,2.41015625,30.8046875,7.244628906,63.27148438,23.48463605954969,687.8035714285714,0.043876616306092485
0.116699219,9.67578125,36.1015625,7.244628906,63.27148438,23.030950201150915,721.1607142857143,0.02686412315903981
0.116699219,9.67578125,30.8046875,1.856933594,63.27148438,24.20554018044584,631.1607142857143,0.07209003659675141
0.116699219,9.67578125,30.8046875,7.244628906,39.89257813,25.484745803771432,752.5142857142857,0.05275816084413372
0.116699219,9.67578125,30.8046875,7.244628906,63.27148438,24.20554018044584,631.1607142857143,0.07209003659675141
0.607910156,6.41015625,12.1015625,6.356933594,69.89257813,100.47927821419327,893.5,1.5129733843339563
0.616699219,6.41015625,12.1015625,6.356933594,69.89257813,100.47927821419327,893.5,1.5129733843339563
0.607910156,5.67578125,12.1015625,6.356933594,69.89257813,100.47927821419327,893.5,1.5129733843339563
0.607910156,6.41015625,6.8046875,6.356933594,69.89257813,89.91596178555928,894.8518518518518,1.8790434421515985
0.607910156,6.41015625,12.1015625,2.744628906,69.89257813,100.47927821419327,893.5,1.5129733843339563
0.607910156,6.41015625,12.1015625,6.356933594,33.27148438,109.90675892051647,873.6153846153846,0.260232309149075
0.607910156,5.67578125,6.8046875,2.744628906,33.27148438,90.64195896986506,890.3461538461538,2.0231753587992927
0.616699219,6.41015625,6.8046875,2.744628906,33.27148438,90.64195896986506,890.3461538461538,2.0231753587992927
0.616699219,5.67578125,12.1015625,2.744628906,33.27148438,109.90675892051647,873.6153846153846,0.260232309149075
0.616699219,5.67578125,6.8046875,6.356933594,33.27148438,90.64195896986506,890.3461538461538,2.0231753587992927
0.616699219,5.67578125,6.8046875,2.744628906,69.89257813,89.91596178555928,894.8518518518518,1.8790434421515985
0.616699219,5.67578125,6.8046875,2.744628906,33.27148438,90.64195896986506,890.3461538461538,2.0231753587992927
0.857910156,4.41015625,48.1015625,4.106933594,54.89257813,250.00943647369866,820.6875,1.845503382019355
0.866699219,4.41015625,48.1015625,4.106933594,54.89257813,245.912666800644,820.8571428571429,3.4756443323915818
0.857910156,7.67578125,48.1015625,4.106933594,54.89257813,296.0903217394627,763.1875,5.045647932563507
0.857910156,4.41015625,18.8046875,4.106933594,54.89257813,232.37204779595217,851.0625,4.42841962310369
0.857910156,4.41015625,48.1015625,4.994628906,54.89257813,250.00943647369866,820.6875,1.845503382019355
0.857910156,4.41015625,48.1015625,4.106933594,48.27148438,254.286965996299,796.5,1.381441390469687
0.857910156,7.67578125,18.8046875,4.994628906,48.27148438,242.88410122996135,836.7142857142857,3.740257850564156
0.866699219,4.41015625,18.8046875,4.994628906,48.27148438,235.85586319963724,850.6666666666666,5.028547075369581
0.866699219,7.67578125,48.1015625,4.994628906,48.27148438,302.1037529630773,755.75,3.436764235676376
0.866699219,7.67578125,18.8046875,4.106933594,48.27148438,247.29872769286297,837.25,7.558478415452225
0.866699219,7.67578125,18.8046875,4.994628906,54.89257813,243.295656914237,848.5714285714286,2.719919241813993
0.866699219,7.67578125,18.8046875,4.994628906,48.27148438,247.29872769286297,837.25,7.558478415452225
0.357910156,8.41015625,24.1015625,8.606933594,24.89257813,78.2974568614563,754.3125,0.38362286189196937
0.366699219,8.41015625,24.1015625,8.606933594,24.89257813,78.2974568614563,754.3125,0.38362286189196937
0.357910156,3.67578125,24.1015625,8.606933594,24.89257813,79.88904248664527,751.5,0.27530079396509405
0.357910156,8.41015625,42.8046875,8.606933594,24.89257813,88.05354471321586,611.5,0.4784019548336719
0.357910156,8.41015625,24.1015625,9.494628906,24.89257813,78.2974568614563,754.3125,0.38362286189196937
0.357910156,8.41015625,24.1015625,8.606933594,78.27148438,58.54599272339815,856.92,0.2881831788803631
0.357910156,3.67578125,42.8046875,9.494628906,78.27148438,72.30609461237778,821.52,0.044811413118004816
0.366699219,8.41015625,42.8046875,9.494628906,78.27148438,60.62189702487542,876.4897959183673,0.07247356505450049
0.366699219,3.67578125,24.1015625,9.494628906,78.27148438,62.21147638941663,871.3673469387755,0.32658059985729887
0.366699219,3.67578125,42.8046875,8.606933594,78.27148438,77.30341988738412,814.2448979591836,0.06755481895728545
0.366699219,3.67578125,42.8046875,9.494628906,24.89257813,77.87205048549268,738.53125,0.20570997755770107
0.366699219,3.67578125,42.8046875,9.494628906,78.27148438,77.30341988738412,814.2448979591836,0.06755481895728545
0.482910156,5.41015625,6.1015625,9.731933594,32.39257813,79.50073858569458,846.4411764705883,4.894384388598737
0.241699219,5.41015625,6.1015625,9.731933594,32.39257813,40.597767897260226,836.9375,1.5275073708145452
0.482910156,6.67578125,6.1015625,9.731933594,32.39257813,73.39591163241718,855.5882352941177,2.8236906266447592
0.482910156,5.41015625,24.8046875,9.731933594,32.39257813,105.41022280452127,800.6470588235294,0.6549041937559411
0.482910156,5.41015625,6.1015625,3.869628906,32.39257813,79.50073858569458,846.4411764705883,4.894384388598737
0.482910156,5.41015625,6.1015625,9.731933594,25.77148438,85.37355921935965,843.5769230769231,4.4174602561152545
0.482910156,6.67578125,24.8046875,3.869628906,25.77148438,110.36211936559059,772.0384615384615,0.49130017013689975
0.241699219,5.41015625,24.8046875,3.869628906,25.77148438,48.948732320399,754.45,0.6848255569316507
0.241699219,6.67578125,6.1015625,3.869628906,25.77148438,39.35742220977615,827.925,2.594104691320769
0.241699219,6.67578125,24.8046875,9.731933594,25.77148438,50.00453086895482,769.975,0.3262345933647667
0.241699219,6.67578125,24.8046875,3.869628906,32.39257813,60.60190442573788,678.9583333333334,0.39434858554808305
0.241699219,6.67578125,24.8046875,3.869628906,25.77148438,50.00453086895482,769.975,0.3262345933647667
0.982910156,9.41015625,30.1015625,5.231933594,62.39257813,298.13072826454254,867.0,5.649686899639568
0.741699219,9.41015625,30.1015625,5.231933594,62.39257813,172.15993057830855,858.1875,0.9680584946807362
0.982910156,2.67578125,30.1015625,5.231933594,62.39257813,252.40269231660005,879.0,11.094716024032927
0.982910156,9.41015625,48.8046875,5.231933594,62.39257813,349.1843174482503,825.0,7.076304957849941
0.982910156,9.41015625,30.1015625,8.369628906,62.39257813,298.13072826454254,867.0,5.649686899639568
0.982910156,9.41015625,30.1015625,5.231933594,55.77148438,204.3209649140534,863.5,6.799245977611439
0.982910156,2.67578125,48.8046875,8.369628906,55.77148438,368.61400548570685,778.0,10.127498032527857
0.741699219,9.41015625,48.8046875,8.369628906,55.77148438,209.4723059518738,793.4285714285714,1.8510732843138569
0.741699219,2.67578125,30.1015625,8.369628906,55.77148438,217.9440200292291,802.6785714285714,1.1854157043961226
0.741699219,2.67578125,48.8046875,5.231933594,55.77148438,225.56711142237057,770.6428571428571,0.9276361403437096
0.741699219,2.67578125,48.8046875,8.369628906,62.39257813,198.00336527353363,822.03125,0.836439995847469
0.741699219,2.67578125,48.8046875,8.369628906,55.77148438,225.56711142237057,770.6428571428571,0.9276361403437096
0.732910156,3.41015625,18.1015625,7.481933594,77.39257813,161.2388317980364,870.7857142857143,3.506228642848307
0.991699219,3.41015625,18.1015625,7.481933594,77.39257813,211.28540740211466,909.0,8.462885422843078
0.732910156,8.67578125,18.1015625,7.481933594,77.39257813,148.0596157129441,876.3095238095239,1.4989499344994157
0.732910156,3.41015625,36.8046875,7.481933594,77.39257813,170.69803974388296,863.7142857142857,1.5509209566086137
0.732910156,3.41015625,18.1015625,6.119628906,77.39257813,161.2388317980364,870.7857142857143,3.506228642848307
0.732910156,3.41015625,18.1015625,7.481933594,70.77148438,177.82336145506252,843.7368421052631,3.5253754841564366
0.732910156,8.67578125,36.8046875,6.119628906,70.77148438,174.96605124194423,846.1842105263158,2.0141288420043133
0.991699219,3.41015625,36.8046875,6.119628906,70.77148438,378.45863337346566,837.5,11.533781929628324
0.991699219,8.67578125,18.1015625,6.119628906,70.77148438,293.58132666611834,873.0,13.102965337640848
0.991699219,8.67578125,36.8046875,7.481933594,70.77148438,354.60032954703206,838.5,8.35699837760819
0.991699219,8.67578125,36.8046875,6.119628906,77.39257813,296.25270436008407,861.0,7.627974620513153
0.991699219,8.67578125,36.8046875,6.119628906,70.77148438,354.60032954703206,838.5,8.35699837760819
0.232910156,7.41015625,42.1015625,2.981933594,47.39257813,64.72720806008097,564.5138888888889,0.31143374365101234
0.491699219,7.41015625,42.1015625,2.981933594,47.39257813,119.86520268612367,762.5416666666666,0.5703290235731366
0.232910156,4.67578125,42.1015625,2.981933594,47.39257813,49.46853937479133,780.4722222222222,0.13029118861476302
0.232910156,7.41015625,12.8046875,2.981933594,47.39257813,38.963219296268534,851.8333333333334,0.1354192511478809
0.232910156,7.41015625,42.1015625,1.619628906,47.39257813,64.72720806008097,564.5138888888889,0.31143374365101234
0.232910156,7.41015625,42.1015625,2.981933594,40.77148438,57.847699951912574,691.2741935483871,0.09302693595299523
0.232910156,4.67578125,12.8046875,1.619628906,40.77148438,41.15610955186074,862.016129032258,0.14041236124049908
0.491699219,7.41015625,12.8046875,1.619628906,40.77148438,87.84232938229363,857.3571428571429,1.4104045919388075
0.491699219,4.67578125,42.1015625,1.619628906,40.77148438,127.55096220379578,732.452380952381,0.1910479481706992
0.491699219,4.67578125,12.8046875,2.981933594,40.77148438,90.93843754349132,862.6190476190476,0.7823790468848607
0.491699219,4.67578125,12.8046875,1.619628906,47.39257813,86.28736319476447,865.5,0.9235914803039965
0.491699219,4.67578125,12.8046875,1.619628906,40.77148438,90.93843754349132,862.6190476190476,0.7823790468848607
0.170410156,4.91015625,15.1015625,4.669433594,66.14257813,27.233196144079017,852.5727272727273,0.04566506331112141
0.304199219,4.91015625,15.1015625,4.669433594,66.14257813,48.154065472224964,874.2282608695652,0.19075536935068485
0.170410156,6.17578125,15.1015625,4.669433594,66.14257813,27.883437569200076,839.2818181818182,0.07761821346341448
0.170410156,4.91015625,21.8046875,4.669433594,66.14257813,29.65374909729925,818.2727272727273,0.07117037492786062
0.170410156,4.91015625,15.1015625,3.307128906,66.14257813,27.233196144079017,852.5727272727273,0.04566506331112141
0.170410156,4.91015625,15.1015625,4.669433594,74.52148438,27.863409657234484,853.0645161290323,0.1300819854913078
0.170410156,6.17578125,21.8046875,3.307128906,74.52148438,37.43906781782889,631.741935483871,0.057581405592548665
0.304199219,4.91015625,21.8046875,3.307128906,74.52148438,53.41648846332911,822.1153846153846,0.16791250773157948
0.304199219,6.17578125,15.1015625,3.307128906,74.52148438,49.378028358721444,856.8365384615385,0.29038402120401696
0.304199219,6.17578125,21.8046875,4.669433594,74.52148438,57.109685412133416,798.5576923076923,0.27277288797016835
0.304199219,6.17578125,21.8046875,3.307128906,66.14257813,58.456795502107205,796.0434782608696,0.20111519867673905
0.304199219,6.17578125,21.8046875,3.307128906,74.52148438,57.109685412133416,798.5576923076923,0.27277288797016835
0.670410156,8.91015625,39.1015625,9.169433594,36.14257813,164.9064221924592,772.0,0.6366381215828723
0.804199219,8.91015625,39.1015625,9.169433594,36.14257813,173.20186435629577,808.7857142857143,2.5778595608312767
0.670410156,2.17578125,39.1015625,9.169433594,36.14257813,181.67837062704382,758.2916666666666,0.9582276063004526
0.670410156,8.91015625,45.8046875,9.169433594,36.14257813,133.03161354098884,811.5416666666666,0.2822653713036135
0.670410156,8.91015625,39.1015625,7.807128906,36.14257813,164.9064221924592,772.0,0.6366381215828723
0.670410156,8.91015625,39.1015625,9.169433594,44.52148438,143.3439303649062,836.9333333333333,0.7866242005923676
0.670410156,2.17578125,45.8046875,7.807128906,44.52148438,166.13814932289168,805.1,1.037614378621671
0.804199219,8.91015625,45.8046875,7.807128906,44.52148438,216.35249689563645,787.0555555555555,3.2896113844957915
0.804199219,2.17578125,39.1015625,7.807128906,44.52148438,211.56754292055965,821.3888888888889,0.7448554326167742
0.804199219,2.17578125,45.8046875,9.169433594,44.52148438,216.14287099993948,810.0,2.057351888102404
0.804199219,2.17578125,45.8046875,7.807128906,36.14257813,229.7977430671113,740.1428571428571,2.715622073935871
0.804199219,2.17578125,45.8046875,7.807128906,44.52148438,216.14287099993948,810.0,2.057351888102404
0.920410156,2.91015625,3.1015625,2.419433594,21.14257813,237.37323318593187,828.75,13.17587761396539
0.554199219,2.91015625,3.1015625,2.419433594,21.14257813,127.41061250194012,741.1666666666666,4.6336844932536225
0.920410156,8.17578125,3.1015625,2.419433594,21.14257813,212.88560438665223,838.0,6.464939713299641
0.920410156,2.91015625,33.8046875,2.419433594,21.14257813,200.91243247766613,730.5,8.306745955993678
0.920410156,2.91015625,3.1015625,5.557128906,21.14257813,237.37323318593187,828.75,13.17587761396539
0.920410156,2.91015625,3.1015625,2.419433594,29.52148438,254.8597172679926,857.0,6.385315115170964
0.920410156,8.17578125,33.8046875,5.557128906,29.52148438,275.83066584268573,770.5,7.900156750811316
0.554199219,2.91015625,33.8046875,5.557128906,29.52148438,145.8023128084387,738.7307692307693,1.3789832588472584
0.554199219,8.17578125,3.1015625,5.557128906,29.52148438,103.33457471584038,768.0384615384615,6.435103861041566
0.554199219,8.17578125,33.8046875,2.419433594,29.52148438,123.71011824904659,779.4615384615385,1.016514126900899
0.554199219,8.17578125,33.8046875,5.557128906,21.14257813,124.44399151838678,742.7777777777778,0.7756892127836544
0.554199219,8.17578125,33.8046875,5.557128906,29.52148438,123.71011824904659,779.4615384615385,1.016514126900899
0.420410156,6.91015625,27.1015625,6.919433594,51.14257813,78.3021875359131,839.4166666666666,0.17828599547968518
0.054199219,6.91015625,27.1015625,6.919433594,51.14257813,11.541448291005816,752.3958333333334,0.010407202307693564
0.420410156,4.17578125,27.1015625,6.919433594,51.14257813,80.48154899667001,840.9666666666667,0.22093525140030687
0.420410156,6.91015625,9.8046875,6.919433594,51.14257813,63.044762977768386,889.0666666666667,0.8566496128415819
0.420410156,6.91015625,27.1015625,1.057128906,51.14257813,78.3021875359131,839.4166666666666,0.17828599547968518
0.420410156,6.91015625,27.1015625,6.919433594,59.52148438,68.49932050728982,869.8,0.23114480925619585
0.420410156,4.17578125,9.8046875,1.057128906,59.52148438,64.33502640062605,890.6714285714286,0.5998316157466577
0.054199219,6.91015625,9.8046875,1.057128906,59.52148438,8.43109911886847,884.2719298245614,0.09086626575378093
0.054199219,4.17578125,27.1015625,1.057128906,59.52148438,12.54620489038665,414.62280701754383,0.12392710103206296
0.054199219,4.17578125,9.8046875,6.919433594,59.52148438,8.419367049433,877.1666666666666,0.032806388955985116
0.054199219,4.17578125,9.8046875,1.057128906,51.14257813,10.016722233573207,883.5833333333334,0.024161159196920794
0.054199219,4.17578125,9.8046875,1.057128906,59.52148438,8.419367049433,877.1666666666666,0.032806388955985116
0.295410156,3.91015625,45.1015625,5.794433594,58.64257813,69.25915946566394,719.452380952381,0.12519446574721343
0.429199219,3.91015625,45.1015625,5.794433594,58.64257813,94.4134933489107,802.7205882352941,0.17878151138483853
0.295410156,9.17578125,45.1015625,5.794433594,58.64257813,53.23028902932473,839.3928571428571,0.04376199122970732
0.295410156,3.91015625,27.8046875,5.794433594,58.64257813,63.96272972663258,727.4404761904761,0.2642647056387137
0.295410156,3.91015625,45.1015625,6.682128906,58.64257813,69.25915946566394,719.452380952381,0.12519446574721343
0.295410156,3.91015625,45.1015625,5.794433594,37.02148438,66.9980772793839,774.9038461538462,0.13083952987088912
0.295410156,9.17578125,27.8046875,6.682128906,37.02148438,48.23302165258105,883.6923076923077,0.07357644368073968
0.429199219,3.91015625,27.8046875,6.682128906,37.02148438,98.47751709972883,779.6190476190476,0.19832846510786248
0.429199219,9.17578125,45.1015625,6.682128906,37.02148438,82.55642817579229,843.2380952380952,0.17953408278294916
0.429199219,9.17578125,27.8046875,5.794433594,37.02148438,82.59251684762239,828.952380952381,0.13765701290197674
0.429199219,9.17578125,27.8046875,6.682128906,58.64257813,88.9099440237233,810.0147058823529,0.3204526161379908
0.429199219,9.17578125,27.8046875,6.682128906,37.02148438,82.59251684762239,828.952380952381,0.13765701290197674
0.795410156,7.91015625,21.1015625,1.294433594,28.64257813,221.69895993096213,788.5,3.028290299432022
0.929199219,7.91015625,21.1015625,1.294433594,28.64257813,240.24665728424304,816.5,4.323292201620896
0.795410156,5.17578125,21.1015625,1.294433594,28.64257813,188.54841819081548,818.0833333333334,2.043203240902279
0.795410156,7.91015625,3.8046875,1.294433594,28.64257813,170.51440888419143,827.6666666666666,3.980920350357563
0.795410156,7.91015625,21.1015625,2.182128906,28.64257813,221.69895993096213,788.5,3.028290299432022
0.795410156,7.91015625,21.1015625,1.294433594,67.02148438,194.41343236875042,864.3928571428571,3.7621180113905677
0.795410156,5.17578125,3.8046875,2.182128906,67.02148438,149.74519836546847,884.0357142857143,4.935477698521339
0.929199219,7.91015625,3.8046875,2.182128906,67.02148438,210.68928592497863,887.2,6.442242652309719
0.929199219,5.17578125,21.1015625,2.182128906,67.02148438,221.83541394622867,887.3,2.932715981924063
0.929199219,5.17578125,3.8046875,1.294433594,67.02148438,199.38401366378963,902.2,4.771157684857433
0.929199219,5.17578125,3.8046875,2.182128906,28.64257813,190.31260993006134,863.75,6.111646567737298
0.929199219,5.17578125,3.8046875,2.182128906,67.02148438,199.38401366378963,902.2,4.771157684857433
0.545410156,5.91015625,33.1015625,8.044433594,43.64257813,118.96869047660894,814.725,0.22285334522360276
0.679199219,5.91015625,33.1015625,8.044433594,43.64257813,170.05416382484754,802.8928571428571,1.3299918619767372
0.545410156,7.17578125,33.1015625,8.044433594,43.64257813,122.28692435280966,806.55,0.5651444033211566
0.545410156,5.91015625,15.8046875,8.044433594,43.64257813,101.73087771488876,860.625,1.06682906775213
0.545410156,5.91015625,33.1015625,4.432128906,43.64257813,118.96869047660894,814.725,0.22285334522360276
0.545410156,5.91015625,33.1015625,8.044433594,52.02148438,95.56352378086346,874.3541666666666,0.3043299733231171
0.545410156,7.17578125,15.8046875,4.432128906,52.02148438,97.74156734940168,874.9791666666666,0.8294515932651181
0.679199219,5.91015625,15.8046875,4.432128906,52.02148438,126.59464094187821,874.0,2.595743874208386
0.679199219,7.17578125,33.1015625,4.432128906,52.02148438,168.17458814409596,821.4117647058823,1.3863661846811715
0.679199219,7.17578125,15.8046875,8.044433594,52.02148438,129.2590741933987,871.7352941176471,2.889518721397713
0.679199219,7.17578125,15.8046875,4.432128906,43.64257813,145.63817301201252,853.25,3.7551289259939673
0.679199219,7.17578125,15.8046875,4.432128906,52.02148438,129.2590741933987,871.7352941176471,2.889518721397713
0.045410156,9.91015625,9.1015625,3.544433594,73.64257813,6.337712496147921,918.2183098591549,0.03534138913619717
0.179199219,9.91015625,9.1015625,3.544433594,73.64257813,23.306406938896895,909.5409836065573,0.3318982128692466
0.045410156,3.17578125,9.1015625,3.544433594,73.64257813,7.079864826702109,846.2112676056338,0.027594848875985095
0.045410156,9.91015625,39.8046875,3.544433594,73.64257813,10.390361777426008,355.66901408450707,0.24322839968635057
0.045410156,9.91015625,9.1015625,8.932128906,73.64257813,6.337712496147921,918.2183098591549,0.03534138913619717
0.045410156,9.91015625,9.1015625,3.544433594,22.02148438,8.283080807789034,811.1904761904761,0.31463362067519324
0.045410156,3.17578125,39.8046875,8.932128906,22.02148438,-117.1296071846957,449.2857142857143,5874.168650450266
0.179199219,9.91015625,39.8046875,8.932128906,22.02148438,39.12868107310861,506.5,3.2588810307561156
0.179199219,3.17578125,9.1015625,8.932128906,22.02148438,35.63330498244849,755.4722222222222,0.7282255634135574
0.179199219,3.17578125,39.8046875,3.544433594,22.02148438,40.74251987936148,575.0277777777778,0.4767092675414672
0.179199219,3.17578125,39.8046875,8.932128906,73.64257813,45.661590429192024,518.8360655737705,0.1545672517545948
0.179199219,3.17578125,39.8046875,8.932128906,22.02148438,40.74251987936148,575.0277777777778,0.4767092675414672
0.061035156,3.53515625,24.8515625,3.122558594,33.33007813,12.585830855490636,710.8709677419355,0.08141221607456027
0.038574219,3.53515625,24.8515625,3.122558594,33.33007813,6.307496446745774,718.71875,0.0999729990550453
0.061035156,7.55078125,24.8515625,3.122558594,33.33007813,14.03971529125843,583.016129032258,0.05995354726599422
0.061035156,3.53515625,46.5546875,3.122558594,33.33007813,14.528998158535636,562.3064516129032,0.5929279775250824
0.061035156,3.53515625,24.8515625,2.885253906,33.33007813,12.585830855490636,710.8709677419355,0.08141221607456027
0.061035156,3.53515625,24.8515625,3.122558594,56.70898438,10.616759973419468,736.7777777777778,0.024727650557679174
0.061035156,7.55078125,46.5546875,2.885253906,56.70898438,11.315581773634735,669.9074074074074,0.03733354980815156
0.038574219,3.53515625,46.5546875,2.885253906,56.70898438,8.63607390031729,401.59090909090907,0.17242185582135872
0.038574219,7.55078125,24.8515625,2.885253906,56.70898438,6.685385936726202,727.7272727272727,0.006657849742757038
0.038574219,7.55078125,46.5546875,3.122558594,56.70898438,7.211163122504654,679.8454545454546,0.060387614538257195
0.038574219,7.55078125,46.5546875,2.885253906,33.33007813,5.850334521516922,345.328125,4.282547901681152
0.038574219,7.55078125,46.5546875,2.885253906,56.70898438,7.211163122504654,679.8454545454546,0.060387614538257195
0.561035156,7.53515625,48.8515625,7.622558594,63.33007813,130.66432888482868,813.2142857142857,0.27321692036590645
0.538574219,7.53515625,48.8515625,7.622558594,63.33007813,112.08531615249636,832.3965517241379,0.2134941512453394
0.561035156,3.55078125,48.8515625,7.622558594,63.33007813,126.32814913267694,827.2142857142857,0.23468679636950873
0.561035156,7.53515625,22.5546875,7.622558594,63.33007813,108.12394293548341,855.5892857142857,0.6826147041254894
0.561035156,7.53515625,48.8515625,7.385253906,63.33007813,130.66432888482868,813.2142857142857,0.27321692036590645
0.561035156,7.53515625,48.8515625,7.622558594,26.70898438,122.75837100010637,759.7916666666666,0.3341579927246661
0.561035156,3.55078125,22.5546875,7.385253906,26.70898438,126.8999022518134,779.3333333333334,1.8620127988245743
0.538574219,7.53515625,22.5546875,7.385253906,26.70898438,115.07708761863437,818.7083333333334,0.6271449700064222
0.538574219,3.55078125,48.8515625,7.385253906,26.70898438,101.14308803622056,764.125,0.45596491178021614
0.538574219,3.55078125,22.5546875,7.622558594,26.70898438,126.8999022518134,779.3333333333334,1.8620127988245743
0.538574219,3.55078125,22.5546875,7.385253906,63.33007813,118.24517819006728,819.8965517241379,1.5672759041933704
0.538574219,3.55078125,22.5546875,7.385253906,26.70898438,126.8999022518134,779.3333333333334,1.8620127988245743
0.811035156,5.53515625,12.8515625,5.372558594,78.33007813,184.03605942819829,875.1333333333333,3.6688458185191672
0.788574219,5.53515625,12.8515625,5.372558594,78.33007813,166.80140191698618,883.09375,3.275411548163874
0.811035156,9.55078125,12.8515625,5.372558594,78.33007813,163.19613109302367,885.2666666666667,1.9932139423681257
0.811035156,5.53515625,10.5546875,5.372558594,78.33007813,174.03748527971135,885.8333333333334,5.220642322863797
0.811035156,5.53515625,12.8515625,9.635253906,78.33007813,184.03605942819829,875.1333333333333,3.6688458185191672
0.811035156,5.53515625,12.8515625,5.372558594,41.70898438,185.76013262611912,860.6875,5.650410740618722
0.811035156,9.55078125,10.5546875,9.635253906,41.70898438,167.5303318088791,872.5625,4.7006012537239155
0.788574219,5.53515625,10.5546875,9.635253906,41.70898438,176.50901456696042,857.6111111111111,5.3651125140346005
0.788574219,9.55078125,12.8515625,9.635253906,41.70898438,168.24997892747695,860.5555555555555,3.866952685426779
0.788574219,9.55078125,10.5546875,5.372558594,41.70898438,162.03280402473902,866.6666666666666,5.748370113918694
0.788574219,9.55078125,10.5546875,9.635253906,78.33007813,159.24271222738568,890.40625,4.6283607912080384
0.788574219,9.55078125,10.5546875,9.635253906,41.70898438,162.03280402473902,866.6666666666666,5.748370113918694
0.311035156,9.53515625,36.8515625,9.872558594,48.33007813,69.64214216306411,748.3030303030303,0.23600505792535656
0.288574219,9.53515625,36.8515625,9.872558594,48.33007813,60.8053555414774,781.0882352941177,0.12757499049188267
0.311035156,5.55078125,36.8515625,9.872558594,48.33007813,62.63866384482676,821.1666666666666,0.1816389603841449
0.311035156,9.53515625,34.5546875,9.872558594,48.33007813,70.91400109291136,731.7878787878788,0.2166714960744956
0.311035156,9.53515625,36.8515625,5.135253906,48.33007813,69.64214216306411,748.3030303030303,0.23600505792535656
0.311035156,9.53515625,36.8515625,9.872558594,71.70898438,63.66707779617164,776.68,0.0398184964263486
0.311035156,5.55078125,34.5546875,5.135253906,71.70898438,68.94061806485873,730.4,0.12109679268704776
0.288574219,9.53515625,34.5546875,5.135253906,71.70898438,53.36776621223533,827.0980392156863,0.05155854070348663
0.288574219,5.55078125,36.8515625,5.135253906,71.70898438,54.136269570317815,835.0392156862745,0.10695488624719415
0.288574219,5.55078125,34.5546875,9.872558594,71.70898438,64.70368447159926,742.343137254902,0.15638066721411087
0.288574219,5.55078125,34.5546875,5.135253906,48.33007813,68.07692567027972,720.1323529411765,0.24103893037226806
0.288574219,5.55078125,34.5546875,5.135253906,71.70898438,64.70368447159926,742.343137254902,0.15638066721411087
