0.620605469,3.04296875,11.0234375,4.168457031,63.62304688,124.62526525921389,863.8541666666666,3.6364835013639345
0.620605469,5.96484375,28.7890625,4.168457031,63.62304688,135.83112382872096,843.0625,0.8391478698574929
0.620605469,5.96484375,11.0234375,8.202636719,63.62304688,106.85509838875981,888.875,3.2835892846802177
0.620605469,5.96484375,11.0234375,4.168457031,30.86914063,99.67052508598671,863.375,2.0867470254596845
0.620605469,3.04296875,28.7890625,8.202636719,30.86914063,146.41818894705105,791.5416666666666,1.3351635505009485
0.197753906,5.96484375,28.7890625,8.202636719,30.86914063,46.00935202843012,666.26,0.09364695252739699
0.197753906,3.04296875,11.0234375,8.202636719,30.86914063,36.62537660558171,797.52,0.26925977123196404
0.197753906,3.04296875,28.7890625,4.168457031,30.86914063,45.83843422804053,634.18,1.1813495751214191
0.197753906,3.04296875,28.7890625,8.202636719,63.62304688,47.586292424322814,662.2156862745098,0.052816290592719375
0.197753906,3.04296875,28.7890625,8.202636719,30.86914063,45.83843422804053,634.18,1.1813495751214191
0.120605469,9.96484375,35.0234375,8.668457031,33.62304688,27.105342617684332,629.9666666666667,0.1327965276590283
0.697753906,9.96484375,35.0234375,8.668457031,33.62304688,170.5360685566261,794.9,0.60887507368709
0.120605469,7.04296875,35.0234375,8.668457031,33.62304688,26.54641078000474,673.1666666666666,0.1557930714918116
0.120605469,9.96484375,4.7890625,8.668457031,33.62304688,22.398277541288945,605.15,1.605083861611417
0.120605469,9.96484375,35.0234375,3.702636719,33.62304688,27.105342617684332,629.9666666666667,0.1327965276590283
0.120605469,9.96484375,35.0234375,8.668457031,60.86914063,27.036096634294797,564.7592592592592,0.05726449258515793
0.120605469,7.04296875,4.7890625,3.702636719,60.86914063,20.918004998513805,644.1018518518518,9.90871669550629
0.697753906,9.96484375,4.7890625,3.702636719,60.86914063,131.69045259598417,848.2222222222222,4.267582624833001
0.697753906,7.04296875,35.0234375,3.702636719,60.86914063,167.76487297743552,837.3611111111111,0.5825999819116738
0.697753906,7.04296875,4.7890625,8.668457031,60.86914063,127.72263054456916,857.6388888888889,3.5576267446314676
0.697753906,7.04296875,4.7890625,3.702636719,33.62304688,147.93809564962345,827.5,3.0583863906357545
0.697753906,7.04296875,4.7890625,3.702636719,60.86914063,127.72263054456916,857.6388888888889,3.5576267446314676
0.089355469,5.71484375,18.5234375,2.199707031,65.49804688,19.577424393074406,699.4830508474577,0.05842249036338395
0.479003906,5.71484375,18.5234375,2.199707031,65.49804688,86.31009446491844,854.2058823529412,0.3886725942571194
0.089355469,9.79296875,18.5234375,2.199707031,65.49804688,17.812371542405934,756.8305084745763,0.07674643843193588
0.089355469,5.71484375,27.2890625,2.199707031,65.49804688,18.953348757379896,744.6355932203389,0.03578907500267325
0.089355469,5.71484375,18.5234375,4.546386719,65.49804688,19.577424393074406,699.4830508474577,0.05842249036338395
0.089355469,5.71484375,18.5234375,2.199707031,32.74414063,19.680383199741716,654.6333333333333,0.5548727618812882
0.089355469,9.79296875,27.2890625,4.546386719,32.74414063,19.911361252993572,719.5333333333333,0.23091231155862235
0.479003906,5.71484375,27.2890625,4.546386719,32.74414063,89.1174038360641,846.3235294117648,0.6921142757779986
0.479003906,9.79296875,18.5234375,4.546386719,32.74414063,84.19375696075217,861.0882352941177,1.0901254139410392
0.479003906,9.79296875,27.2890625,2.199707031,32.74414063,86.92862671770054,852.7352941176471,0.341900300600994
0.479003906,9.79296875,27.2890625,4.546386719,65.49804688,92.1162282895317,837.1029411764706,0.2847900451854636
0.479003906,9.79296875,27.2890625,4.546386719,32.74414063,86.92862671770054,852.7352941176471,0.341900300600994
0.589355469,9.71484375,42.5234375,6.699707031,35.49804688,136.56392728650854,782.0714285714286,0.9158964403205143
0.979003906,9.71484375,42.5234375,6.699707031,35.49804688,225.67654137325144,814.5,3.750782781697191
0.589355469,5.79296875,42.5234375,6.699707031,35.49804688,143.62462159660157,774.7857142857143,0.42278980949847633
0.589355469,9.71484375,3.2890625,6.699707031,35.49804688,96.92697620165676,810.4285714285714,2.897084866526808
0.589355469,9.71484375,42.5234375,9.046386719,35.49804688,136.56392728650854,782.0714285714286,0.9158964403205143
0.589355469,9.71484375,42.5234375,6.699707031,62.74414063,125.60412218236277,822.3076923076923,0.609876290445749
0.589355469,5.79296875,3.2890625,9.046386719,62.74414063,95.35773280867936,812.2115384615385,4.355646096238981
0.979003906,9.71484375,3.2890625,9.046386719,62.74414063,236.53724324511353,897.0,4.365089712946031
0.979003906,5.79296875,42.5234375,9.046386719,62.74414063,267.52946031095047,836.0,6.5678448188716425
0.979003906,5.79296875,3.2890625,6.699707031,62.74414063,215.9798806071744,895.0,12.708008140716597
0.979003906,5.79296875,3.2890625,9.046386719,35.49804688,178.24802521194695,874.5,9.658455572960062
0.979003906,5.79296875,3.2890625,9.046386719,62.74414063,215.9798806071744,895.0,12.708008140716597
0.839355469,3.71484375,6.5234375,4.449707031,20.49804688,159.80610296477502,836.5,7.322673722589686
0.729003906,3.71484375,6.5234375,4.449707031,20.49804688,139.89962577641225,839.3,5.25065454246169
0.839355469,7.79296875,6.5234375,4.449707031,20.49804688,189.38824958601936,824.3333333333334,5.519440199319566
0.839355469,3.71484375,15.2890625,4.449707031,20.49804688,176.19358968925522,822.0,4.942247454422369
0.839355469,3.71484375,6.5234375,6.796386719,20.49804688,159.80610296477502,836.5,7.322673722589686
0.839355469,3.71484375,6.5234375,4.449707031,77.74414063,163.05310872250067,900.7307692307693,3.1188864859366507
0.839355469,7.79296875,15.2890625,6.796386719,77.74414063,174.3417660414239,891.9615384615385,2.1104649191210276
0.729003906,3.71484375,15.2890625,6.796386719,77.74414063,160.34840503087716,870.1904761904761,3.4812067775901134
0.729003906,7.79296875,6.5234375,6.796386719,77.74414063,114.28639565166917,900.5238095238095,7.612824100978555
0.729003906,7.79296875,15.2890625,4.449707031,77.74414063,146.30606789081403,871.547619047619,1.5195617457978408
0.729003906,7.79296875,15.2890625,6.796386719,20.49804688,161.14650587838827,790.2,1.9429626480393714
0.729003906,7.79296875,15.2890625,6.796386719,77.74414063,146.30606789081403,871.547619047619,1.5195617457978408
0.339355469,7.71484375,30.5234375,8.949707031,50.49804688,70.21349883972844,799.3333333333334,0.09317257631612898
0.229003906,7.71484375,30.5234375,8.949707031,50.49804688,43.06941373775931,805.8717948717949,0.03493508463855684
0.339355469,3.79296875,30.5234375,8.949707031,50.49804688,74.7149968065036,767.9090909090909,0.23525582465799302
0.339355469,7.71484375,39.2890625,8.949707031,50.49804688,73.79181265762931,781.9090909090909,0.12205115916334691
0.339355469,7.71484375,30.5234375,2.296386719,50.49804688,70.21349883972844,799.3333333333334,0.09317257631612898
0.339355469,7.71484375,30.5234375,8.949707031,47.74414063,68.88189004415494,790.90625,0.28391972213798716
0.339355469,3.79296875,39.2890625,2.296386719,47.74414063,66.04033306851044,837.203125,0.07735010633050304
0.229003906,7.71484375,39.2890625,2.296386719,47.74414063,49.1545296614042,731.0540540540541,0.068490887925498
0.229003906,3.79296875,30.5234375,2.296386719,47.74414063,47.066760347751654,775.7027027027027,0.09263516262253908
0.229003906,3.79296875,39.2890625,8.949707031,47.74414063,44.98967574397173,821.4054054054054,0.07179464881584528
0.229003906,3.79296875,39.2890625,2.296386719,50.49804688,45.7580152946144,765.7564102564103,0.03687361572158472
0.229003906,3.79296875,39.2890625,2.296386719,47.74414063,44.98967574397173,821.4054054054054,0.07179464881584528
0.464355469,2.71484375,48.5234375,7.824707031,57.99804688,101.81034643407585,819.4516129032259,0.24987121237138113
0.354003906,2.71484375,48.5234375,7.824707031,57.99804688,94.48631799686105,706.5,0.11354936433431216
0.464355469,6.79296875,48.5234375,7.824707031,57.99804688,93.56577908393369,830.8387096774194,0.36471201505615625
0.464355469,2.71484375,21.2890625,7.824707031,57.99804688,93.85362383198834,831.8548387096774,0.8546652264557502
0.464355469,2.71484375,48.5234375,5.671386719,57.99804688,101.81034643407585,819.4516129032259,0.24987121237138113
0.464355469,2.71484375,48.5234375,7.824707031,55.24414063,123.44148383261803,756.6551724137931,0.24449076044549667
0.464355469,6.79296875,21.2890625,5.671386719,55.24414063,86.61856869105176,862.2413793103449,0.6168845316846211
0.354003906,2.71484375,21.2890625,5.671386719,55.24414063,69.725931678312,797.1527777777778,0.39250263804386254
0.354003906,6.79296875,48.5234375,5.671386719,55.24414063,81.96482160845179,742.2222222222222,0.11631716464352088
0.354003906,6.79296875,21.2890625,7.824707031,55.24414063,58.324657871505856,859.5416666666666,0.30468812491367653
0.354003906,6.79296875,21.2890625,5.671386719,57.99804688,65.23414086342771,839.1216216216217,0.3610243856722876
0.354003906,6.79296875,21.2890625,5.671386719,55.24414063,58.324657871505856,859.5416666666666,0.30468812491367653
0.964355469,6.71484375,24.5234375,3.324707031,27.99804688,343.30316899053946,773.5,12.385767161135531
0.854003906,6.71484375,24.5234375,3.324707031,27.99804688,223.26994778442506,798.75,2.514891549485709
0.964355469,2.79296875,24.5234375,3.324707031,27.99804688,198.92363651324854,811.5,6.285930175205249
0.964355469,6.71484375,45.2890625,3.324707031,27.99804688,295.5193763389445,695.5,6.815609671297025
0.964355469,6.71484375,24.5234375,1.171386719,27.99804688,343.30316899053946,773.5,12.385767161135531
0.964355469,6.71484375,24.5234375,3.324707031,25.24414063,284.11797319025544,772.5,5.0882530590293165
0.964355469,2.79296875,45.2890625,1.171386719,25.24414063,182.93172333714847,752.0,5.369661854917232
0.854003906,6.71484375,45.2890625,1.171386719,25.24414063,137.1075439103617,786.375,1.4327161427178627
0.854003906,2.79296875,24.5234375,1.171386719,25.24414063,189.94851344138021,795.0,3.151506582710757
0.854003906,2.79296875,45.2890625,3.324707031,25.24414063,141.8188106612387,765.375,1.7341943181831228
0.854003906,2.79296875,45.2890625,1.171386719,27.99804688,208.5456630517202,761.5,2.6401949565450265
0.854003906,2.79296875,45.2890625,1.171386719,25.24414063,141.8188106612387,765.375,1.7341943181831228
0.714355469,4.71484375,36.5234375,5.574707031,42.99804688,151.91317883199994,838.875,0.6507554154557667
0.604003906,4.71484375,36.5234375,5.574707031,42.99804688,130.2726995261954,824.7058823529412,0.7368966185997087
0.714355469,8.79296875,36.5234375,5.574707031,42.99804688,143.50619191609172,843.5416666666666,0.5350038203963008
0.714355469,4.71484375,33.2890625,5.574707031,42.99804688,170.10871427787984,826.7083333333334,1.2116069438751118
0.714355469,4.71484375,36.5234375,3.421386719,42.99804688,151.91317883199994,838.875,0.6507554154557667
0.714355469,4.71484375,36.5234375,5.574707031,40.24414063,149.94825221695305,843.6363636363636,1.4914653197073786
0.714355469,8.79296875,33.2890625,3.421386719,40.24414063,201.0494124971189,773.7272727272727,1.1574658606275752
0.604003906,4.71484375,33.2890625,3.421386719,40.24414063,162.92565244313678,758.5,1.0079934915218247
0.604003906,8.79296875,36.5234375,3.421386719,40.24414063,142.39909339888496,787.5,0.333045504153952
0.604003906,8.79296875,33.2890625,5.574707031,40.24414063,164.53771583285288,744.375,1.0063809457511408
0.604003906,8.79296875,33.2890625,3.421386719,42.99804688,132.60985632503844,822.3235294117648,0.9815125237195981
0.604003906,8.79296875,33.2890625,3.421386719,40.24414063,164.53771583285288,744.375,1.0063809457511408
0.214355469,8.71484375,12.5234375,1.074707031,72.99804688,29.284183431952357,909.9824561403509,0.1907169535158661
0.104003906,8.71484375,12.5234375,1.074707031,72.99804688,16.514589476779044,894.1692307692308,0.07651638561871686
0.214355469,4.79296875,12.5234375,1.074707031,72.99804688,30.899792300297136,895.4473684210526,0.12025667141947881
0.214355469,8.71484375,9.2890625,1.074707031,72.99804688,24.56395567011183,945.2280701754386,0.195130600523424
0.214355469,8.71484375,12.5234375,7.921386719,72.99804688,29.284183431952357,909.9824561403509,0.1907169535158661
0.214355469,8.71484375,12.5234375,1.074707031,70.24414063,29.30992617968,908.2727272727273,0.20611683689448862
0.214355469,4.79296875,9.2890625,7.921386719,70.24414063,30.523784491709623,898.6545454545454,0.3137894246098045
0.104003906,8.71484375,9.2890625,7.921386719,70.24414063,13.745922333907584,916.6984126984127,0.2556177324115911
0.104003906,4.79296875,12.5234375,7.921386719,70.24414063,16.598128296881733,862.6984126984127,0.05493907276457262
0.104003906,4.79296875,9.2890625,1.074707031,70.24414063,15.15422806327275,884.7142857142857,0.08983192472619705
0.104003906,4.79296875,9.2890625,7.921386719,72.99804688,16.006373340556447,906.4153846153846,0.12533483447432103
0.104003906,4.79296875,9.2890625,7.921386719,70.24414063,15.15422806327275,884.7142857142857,0.08983192472619705
0.151855469,3.21484375,33.5234375,3.887207031,39.24804688,-7.6474999109457,452.24242424242425,81.31882292770084
0.166503906,3.21484375,33.5234375,3.887207031,39.24804688,-7.6474999109457,452.24242424242425,81.31882292770084
0.151855469,6.29296875,33.5234375,3.887207031,39.24804688,35.55053695101006,689.7272727272727,0.0325822306030526
0.151855469,3.21484375,24.2890625,3.887207031,39.24804688,33.2825675239767,679.0909090909091,0.06540213043569966
0.151855469,3.21484375,33.5234375,6.233886719,39.24804688,-7.6474999109457,452.24242424242425,81.31882292770084
0.151855469,3.21484375,33.5234375,3.887207031,43.99414063,33.43965901138357,757.6081081081081,0.03229743197871719
0.151855469,6.29296875,24.2890625,6.233886719,43.99414063,31.07524810030515,797.6216216216217,0.05576411632123352
0.166503906,3.21484375,24.2890625,6.233886719,43.99414063,33.624670085568525,741.2567567567568,0.06734751659643193
0.166503906,6.29296875,33.5234375,6.233886719,43.99414063,35.135958302056636,706.4864864864865,0.058892518498769655
0.166503906,6.29296875,24.2890625,3.887207031,43.99414063,31.07524810030515,797.6216216216217,0.05576411632123352
0.166503906,6.29296875,24.2890625,6.233886719,39.24804688,32.38418668307531,731.0454545454545,0.06807636389974803
0.166503906,6.29296875,24.2890625,6.233886719,43.99414063,31.07524810030515,797.6216216216217,0.05576411632123352
0.651855469,7.21484375,9.5234375,8.387207031,69.24804688,113.58214597215618,883.5833333333334,3.073826607016325
0.666503906,7.21484375,9.5234375,8.387207031,69.24804688,122.43433036738782,872.9565217391304,1.4749926747580406
0.651855469,2.29296875,9.5234375,8.387207031,69.24804688,144.33469445648814,839.75,2.962962813347354
0.651855469,7.21484375,48.2890625,8.387207031,69.24804688,148.54246964598832,848.4791666666666,0.5009307378142933
0.651855469,7.21484375,9.5234375,1.733886719,69.24804688,113.58214597215618,883.5833333333334,3.073826607016325
0.651855469,7.21484375,9.5234375,8.387207031,73.99414063,112.0560809977174,873.3846153846154,2.634585093657184
0.651855469,2.29296875,48.2890625,1.733886719,73.99414063,152.50188446321283,845.7115384615385,0.2127555681378457
0.666503906,7.21484375,48.2890625,1.733886719,73.99414063,162.11778133615587,815.48,0.6641678490903566
0.666503906,2.29296875,9.5234375,1.733886719,73.99414063,138.2619789546798,857.1,1.9647725484754348
0.666503906,2.29296875,48.2890625,8.387207031,73.99414063,161.09268658462545,839.2,0.37722375082937837
0.666503906,2.29296875,48.2890625,1.733886719,69.24804688,178.0495694146673,816.8260869565217,0.5343270510103724
0.666503906,2.29296875,48.2890625,1.733886719,73.99414063,161.09268658462545,839.2,0.37722375082937837
0.901855469,5.21484375,45.5234375,1.637207031,54.24804688,332.27799331665926,772.4,14.319778825070696
0.916503906,5.21484375,45.5234375,1.637207031,54.24804688,332.27799331665926,772.4,14.319778825070696
0.901855469,8.29296875,45.5234375,1.637207031,54.24804688,286.2234863669768,806.3,4.098974778806104
0.901855469,5.21484375,36.2890625,1.637207031,54.24804688,269.97696037700956,836.0,9.109219406912743
0.901855469,5.21484375,45.5234375,3.983886719,54.24804688,332.27799331665926,772.4,14.319778825070696
0.901855469,5.21484375,45.5234375,1.637207031,58.99414063,223.71130783447322,845.0,2.815690586938732
0.901855469,8.29296875,36.2890625,3.983886719,58.99414063,253.8614962271171,845.75,3.0103502878774107
0.916503906,5.21484375,36.2890625,3.983886719,58.99414063,267.8764224109814,838.8,2.2452927348895417
0.916503906,8.29296875,45.5234375,3.983886719,58.99414063,343.09279355612523,782.4,7.312682755998189
0.916503906,8.29296875,36.2890625,1.637207031,58.99414063,299.67693724824676,818.8,8.038173213638187
0.916503906,8.29296875,36.2890625,3.983886719,54.24804688,279.4749045498063,818.5,3.9115815032987755
0.916503906,8.29296875,36.2890625,3.983886719,58.99414063,299.67693724824676,818.8,8.038173213638187
0.401855469,9.21484375,21.5234375,6.137207031,24.24804688,75.19066338027507,838.4285714285714,1.7363481694945808
0.416503906,9.21484375,21.5234375,6.137207031,24.24804688,75.19066338027507,838.4285714285714,1.7363481694945808
0.401855469,4.29296875,21.5234375,6.137207031,24.24804688,94.79520163839484,766.3571428571429,1.2377799081079814
0.401855469,9.21484375,12.2890625,6.137207031,24.24804688,72.15422391696362,862.6785714285714,1.3154964832838711
0.401855469,9.21484375,21.5234375,8.483886719,24.24804688,75.19066338027507,838.4285714285714,1.7363481694945808
0.401855469,9.21484375,21.5234375,6.137207031,28.99414063,82.6624720069706,803.0294117647059,0.529400677615722
0.401855469,4.29296875,12.2890625,8.483886719,28.99414063,81.71592788856177,843.0294117647059,0.3471991295158592
0.416503906,9.21484375,12.2890625,8.483886719,28.99414063,67.8208190407106,882.1470588235294,0.49297556642359325
0.416503906,4.29296875,21.5234375,8.483886719,28.99414063,104.19629122744665,700.7352941176471,1.7973985278460034
0.416503906,4.29296875,12.2890625,6.137207031,28.99414063,81.71592788856177,843.0294117647059,0.3471991295158592
0.416503906,4.29296875,12.2890625,8.483886719,24.24804688,87.38697985914,804.25,2.3491451374767305
0.416503906,4.29296875,12.2890625,8.483886719,28.99414063,81.71592788856177,843.0294117647059,0.3471991295158592
0.276855469,4.21484375,3.5234375,7.262207031,31.74804688,49.16378926404119,770.3695652173913,2.6288778740935665
0.041503906,4.21484375,3.5234375,7.262207031,31.74804688,5.88908090736909,680.6774193548387,7.582585216851018
0.276855469,9.29296875,3.5234375,7.262207031,31.74804688,47.26441433874555,763.5434782608696,6.1932942210447495
0.276855469,4.21484375,30.2890625,7.262207031,31.74804688,77.70315891195845,591.2608695652174,0.4286739916943028
0.276855469,4.21484375,3.5234375,5.108886719,31.74804688,49.16378926404119,770.3695652173913,2.6288778740935665
0.276855469,4.21484375,3.5234375,7.262207031,66.49414063,39.72857213356517,836.78125,2.3893462209732372
0.276855469,9.29296875,30.2890625,5.108886719,66.49414063,44.7757844381341,857.71875,0.03757135450119326
0.041503906,4.21484375,30.2890625,5.108886719,66.49414063,10.44843966215773,527.8650793650794,0.036285536042988474
0.041503906,9.29296875,3.5234375,5.108886719,66.49414063,8.465249212693722,842.8571428571429,8.291878172520258
0.041503906,9.29296875,30.2890625,7.262207031,66.49414063,9.366523490756872,691.7460317460317,0.01268256803481906
0.041503906,9.29296875,30.2890625,5.108886719,31.74804688,6.415315359411211,733.2741935483871,0.035984975063720205
0.041503906,9.29296875,30.2890625,5.108886719,66.49414063,9.366523490756872,691.7460317460317,0.01268256803481906
0.776855469,8.21484375,27.5234375,2.762207031,61.74804688,179.41453661453323,857.6071428571429,1.8372846792914321
0.541503906,8.21484375,27.5234375,2.762207031,61.74804688,97.40898978860669,872.7678571428571,0.7566351917618276
0.776855469,5.29296875,27.5234375,2.762207031,61.74804688,178.98421967803998,857.0357142857143,5.369360907715298
0.776855469,8.21484375,6.2890625,2.762207031,61.74804688,127.17960711099717,887.75,5.987664762467575
0.776855469,8.21484375,27.5234375,9.608886719,61.74804688,179.41453661453323,857.6071428571429,1.8372846792914321
0.776855469,8.21484375,27.5234375,2.762207031,36.49414063,215.30209000658814,793.375,2.366556464063765
0.776855469,5.29296875,6.2890625,9.608886719,36.49414063,153.50668626320714,868.0625,2.556669667188875
0.541503906,8.21484375,6.2890625,9.608886719,36.49414063,82.14345012572399,864.5294117647059,2.622979851275104
0.541503906,5.29296875,27.5234375,9.608886719,36.49414063,101.54876039351836,852.2941176470588,0.3811705501365651
0.541503906,5.29296875,6.2890625,2.762207031,36.49414063,87.59569651857919,867.5294117647059,0.8814626242850695
0.541503906,5.29296875,6.2890625,9.608886719,61.74804688,79.82400431880198,875.8571428571429,2.5792592235228056
0.541503906,5.29296875,6.2890625,9.608886719,36.49414063,87.59569651857919,867.5294117647059,0.8814626242850695
0.526855469,2.21484375,15.5234375,9.512207031,76.74804688,107.78230742203863,826.0972222222222,1.4328911225331782
0.791503906,2.21484375,15.5234375,9.512207031,76.74804688,195.4678317491743,861.96875,3.5316236281862396
0.526855469,7.29296875,15.5234375,9.512207031,76.74804688,86.46727688392448,883.9722222222222,1.2209458028281353
0.526855469,2.21484375,18.2890625,9.512207031,76.74804688,109.9504825849188,823.6805555555555,0.8500717486952162
0.526855469,2.21484375,15.5234375,7.358886719,76.74804688,107.78230742203863,826.0972222222222,1.4328911225331782
0.526855469,2.21484375,15.5234375,9.512207031,21.49414063,125.67170048091309,749.0,2.7543805452022743
0.526855469,7.29296875,18.2890625,7.358886719,21.49414063,113.75977047392743,777.45,1.301715759170743
0.791503906,2.21484375,18.2890625,7.358886719,21.49414063,214.67385018871335,777.5,11.342727958489837
0.791503906,7.29296875,15.5234375,7.358886719,21.49414063,170.56298824815715,814.125,4.713769396094933
0.791503906,7.29296875,18.2890625,9.512207031,21.49414063,172.71498449594895,811.375,1.2904135834247183
0.791503906,7.29296875,18.2890625,7.358886719,76.74804688,187.088856013127,862.53125,2.8615098651668007
0.791503906,7.29296875,18.2890625,7.358886719,21.49414063,172.71498449594895,811.375,1.2904135834247183
0.026855469,6.21484375,39.5234375,5.012207031,46.74804688,4.86082986793153,413.4130434782609,0.14318111049164772
0.291503906,6.21484375,39.5234375,5.012207031,46.74804688,65.50810242730095,739.6969696969697,0.1413659706837833
0.026855469,3.29296875,39.5234375,5.012207031,46.74804688,4.2861782383849665,727.804347826087,0.08158777296525706
0.026855469,6.21484375,42.2890625,5.012207031,46.74804688,4.794579898789047,409.20652173913044,0.04638762751102199
0.026855469,6.21484375,39.5234375,2.858886719,46.74804688,4.86082986793153,413.4130434782609,0.14318111049164772
0.026855469,6.21484375,39.5234375,5.012207031,51.49414063,4.076765967538227,608.36,0.02637443747255537
0.026855469,3.29296875,42.2890625,2.858886719,51.49414063,4.446731167468384,509.23,0.2288303144993259
0.291503906,6.21484375,42.2890625,2.858886719,51.49414063,72.94339004606167,687.7222222222222,0.10955167482768591
0.291503906,3.29296875,39.5234375,2.858886719,51.49414063,84.44374567939218,587.1527777777778,0.4952954018874392
0.291503906,3.29296875,42.2890625,5.012207031,51.49414063,60.05729997822904,813.6944444444445,0.09258407417020587
0.291503906,3.29296875,42.2890625,2.858886719,46.74804688,68.79519794367143,739.2727272727273,0.10632650326691617
0.291503906,3.29296875,42.2890625,2.858886719,51.49414063,60.05729997822904,813.6944444444445,0.09258407417020587
0.019042969,3.40234375,15.1484375,8.316894531,21.90429688,0.0,655.7727272727273,0.003213138611679647
0.111816406,3.40234375,15.1484375,8.316894531,21.90429688,18.204051230261555,745.625,0.048092701326523275
0.019042969,2.73046875,15.1484375,8.316894531,21.90429688,0.0,655.7727272727273,0.003213138611679647
0.019042969,3.40234375,38.9140625,8.316894531,21.90429688,-1.937843824800273e-15,491.6363636363636,0.48492977603046933
0.019042969,3.40234375,15.1484375,4.335449219,21.90429688,0.0,655.7727272727273,0.003213138611679647
0.019042969,3.40234375,15.1484375,8.316894531,22.90039063,0.0,473.5217391304348,0.002221848937301512
0.019042969,2.73046875,38.9140625,4.335449219,22.90039063,-2.6259188060699353e-15,497.5652173913044,1.8982874891361734
0.111816406,3.40234375,38.9140625,4.335449219,22.90039063,29.8537916386872,632.925,0.6008754286434934
0.111816406,2.73046875,15.1484375,4.335449219,22.90039063,27.113416773742376,742.35,0.5920206072716415
0.111816406,2.73046875,38.9140625,8.316894531,22.90039063,29.8537916386872,632.925,0.6008754286434934
0.111816406,2.73046875,38.9140625,4.335449219,21.90429688,22.037409264497473,546.2,0.3580148115561003
0.111816406,2.73046875,38.9140625,4.335449219,22.90039063,29.8537916386872,632.925,0.6008754286434934
0.519042969,7.40234375,39.1484375,3.816894531,51.90429688,122.14497369935084,798.12,0.28872644090513766
0.611816406,7.40234375,39.1484375,3.816894531,51.90429688,159.57402505498558,775.425,0.3944037090745832
0.519042969,6.73046875,39.1484375,3.816894531,51.90429688,122.14497369935084,798.12,0.28872644090513766
0.519042969,7.40234375,14.9140625,3.816894531,51.90429688,90.74245643600132,870.38,0.7522588084447714
0.519042969,7.40234375,39.1484375,8.835449219,51.90429688,122.14497369935084,798.12,0.28872644090513766
0.519042969,7.40234375,39.1484375,3.816894531,52.90039063,119.61872480231328,791.34,0.7243161046794437
0.519042969,6.73046875,14.9140625,8.835449219,52.90039063,95.00810854092043,867.92,1.7567294456344222
0.611816406,7.40234375,14.9140625,8.835449219,52.90039063,99.91209285928055,886.452380952381,2.361073301117831
0.611816406,6.73046875,39.1484375,8.835449219,52.90039063,134.2408043549309,824.5952380952381,0.7561984017734644
0.611816406,6.73046875,14.9140625,3.816894531,52.90039063,99.91209285928055,886.452380952381,2.361073301117831
0.611816406,6.73046875,14.9140625,8.835449219,51.90429688,111.61234095981806,871.475,1.9542658370781814
0.611816406,6.73046875,14.9140625,8.835449219,52.90039063,99.91209285928055,886.452380952381,2.361073301117831
0.769042969,5.40234375,3.1484375,6.066894531,66.90429688,146.38440589631443,860.2,10.64747647565648
0.861816406,5.40234375,3.1484375,6.066894531,66.90429688,183.97184703959203,881.5,4.925104795695793
0.769042969,4.73046875,3.1484375,6.066894531,66.90429688,146.38440589631443,860.2,10.64747647565648
0.769042969,5.40234375,2.9140625,6.066894531,66.90429688,146.38440589631443,860.2,10.64747647565648
0.769042969,5.40234375,3.1484375,6.585449219,66.90429688,146.38440589631443,860.2,10.64747647565648
0.769042969,5.40234375,3.1484375,6.066894531,67.90039063,142.09591037524677,862.0,6.094966337401937
0.769042969,4.73046875,2.9140625,6.585449219,67.90039063,142.09591037524677,862.0,6.094966337401937
0.861816406,5.40234375,2.9140625,6.585449219,67.90039063,182.28365389487732,879.1111111111111,9.507773259930998
0.861816406,4.73046875,3.1484375,6.585449219,67.90039063,182.28365389487732,879.1111111111111,9.507773259930998
0.861816406,4.73046875,2.9140625,6.066894531,67.90039063,182.28365389487732,879.1111111111111,9.507773259930998
0.861816406,4.73046875,2.9140625,6.585449219,66.90429688,183.97184703959203,881.5,4.925104795695793
0.861816406,4.73046875,2.9140625,6.585449219,67.90039063,182.28365389487732,879.1111111111111,9.507773259930998
0.269042969,9.40234375,27.1484375,1.566894531,36.90429688,49.63139738115279,846.7777777777778,0.040049506899439445
0.361816406,9.40234375,27.1484375,1.566894531,36.90429688,72.25457652175204,806.8541666666666,0.2600306822005553
0.269042969,8.73046875,27.1484375,1.566894531,36.90429688,49.63139738115279,846.7777777777778,0.040049506899439445
0.269042969,9.40234375,26.9140625,1.566894531,36.90429688,49.63139738115279,846.7777777777778,0.040049506899439445
0.269042969,9.40234375,27.1484375,2.085449219,36.90429688,49.63139738115279,846.7777777777778,0.040049506899439445
0.269042969,9.40234375,27.1484375,1.566894531,37.90039063,45.044021440883576,867.3571428571429,0.051639367654730456
0.269042969,8.73046875,26.9140625,2.085449219,37.90039063,45.044021440883576,867.3571428571429,0.051639367654730456
0.361816406,9.40234375,26.9140625,2.085449219,37.90039063,69.16004537896539,841.625,0.17089820062470673
0.361816406,8.73046875,27.1484375,2.085449219,37.90039063,69.16004537896539,841.625,0.17089820062470673
0.361816406,8.73046875,26.9140625,1.566894531,37.90039063,69.16004537896539,841.625,0.17089820062470673
0.361816406,8.73046875,26.9140625,2.085449219,36.90429688,72.25457652175204,806.8541666666666,0.2600306822005553
0.361816406,8.73046875,26.9140625,2.085449219,37.90039063,69.16004537896539,841.625,0.17089820062470673
0.394042969,4.40234375,45.1484375,2.691894531,44.40429688,84.53048590990701,807.2037037037037,0.13273796608117294
0.236816406,4.40234375,45.1484375,2.691894531,44.40429688,65.98739762932384,454.9264705882353,0.6644632684022963
0.394042969,5.73046875,45.1484375,2.691894531,44.40429688,78.67745991952604,829.0185185185185,0.19925412575571452
0.394042969,4.40234375,8.9140625,2.691894531,44.40429688,61.421594236806186,890.0370370370371,0.9206443018720388
0.394042969,4.40234375,45.1484375,7.710449219,44.40429688,84.53048590990701,807.2037037037037,0.13273796608117294
0.394042969,4.40234375,45.1484375,2.691894531,60.40039063,79.50794390799302,833.1527777777778,0.08366342995238638
0.394042969,5.73046875,8.9140625,7.710449219,60.40039063,57.53254772016846,896.4166666666666,0.6094398845924935
0.236816406,4.40234375,8.9140625,7.710449219,60.40039063,33.504498176113096,897.0,0.10069423757947608
0.236816406,5.73046875,45.1484375,7.710449219,60.40039063,59.55929004544696,607.0652173913044,0.13161896237055656
0.236816406,5.73046875,8.9140625,2.691894531,60.40039063,32.521355572363355,899.3804347826087,0.35830740263763844
0.236816406,5.73046875,8.9140625,7.710449219,44.40429688,34.80548745994818,883.75,0.39274745308331477
0.236816406,5.73046875,8.9140625,7.710449219,60.40039063,32.521355572363355,899.3804347826087,0.35830740263763844
0.894042969,8.40234375,21.1484375,7.191894531,74.40429688,237.8979534049662,875.6875,2.7255235383671805
0.736816406,8.40234375,21.1484375,7.191894531,74.40429688,166.4954806121078,865.2105263157895,2.260188755151421
0.894042969,9.73046875,21.1484375,7.191894531,74.40429688,251.50366095798108,859.25,7.513265624868203
0.894042969,8.40234375,32.9140625,7.191894531,74.40429688,259.6246741553408,858.9375,2.494691988649177
0.894042969,8.40234375,21.1484375,3.210449219,74.40429688,237.8979534049662,875.6875,2.7255235383671805
0.894042969,8.40234375,21.1484375,7.191894531,30.40039063,210.98522804358444,826.3333333333334,1.870062562403793
0.894042969,9.73046875,32.9140625,3.210449219,30.40039063,233.06115442355497,774.8333333333334,4.4621798414128255
0.736816406,8.40234375,32.9140625,3.210449219,30.40039063,189.96647966892198,776.125,1.4485907453394409
0.736816406,9.73046875,21.1484375,3.210449219,30.40039063,172.03762745530744,820.6875,1.1307777173871663
0.736816406,9.73046875,32.9140625,7.191894531,30.40039063,144.3374295681466,812.9375,1.1854586031159047
0.736816406,9.73046875,32.9140625,3.210449219,74.40429688,176.71625796600782,850.2631578947369,1.8688637735149802
0.736816406,9.73046875,32.9140625,3.210449219,30.40039063,144.3374295681466,812.9375,1.1854586031159047
0.644042969,2.40234375,33.1484375,4.941894531,59.40429688,184.20812983202902,775.1190476190476,2.120185661427064
0.986816406,2.40234375,33.1484375,4.941894531,59.40429688,361.2608397441221,838.0,9.840158559514187
0.644042969,3.73046875,33.1484375,4.941894531,59.40429688,170.1676790789722,796.8095238095239,1.5493262729688637
0.644042969,2.40234375,44.9140625,4.941894531,59.40429688,163.3258710711369,812.1428571428571,0.7730756572938667
0.644042969,2.40234375,33.1484375,5.460449219,59.40429688,184.20812983202902,775.1190476190476,2.120185661427064
0.644042969,2.40234375,33.1484375,4.941894531,45.40039063,175.23759370924247,778.5625,0.5488291229251118
0.644042969,3.73046875,44.9140625,5.460449219,45.40039063,148.5047995381243,805.90625,0.7586271376250117
0.986816406,2.40234375,44.9140625,5.460449219,45.40039063,275.24518042600386,820.0,10.197911318782632
0.986816406,3.73046875,33.1484375,5.460449219,45.40039063,328.15046327282266,827.0,11.531147656558474
0.986816406,3.73046875,44.9140625,4.941894531,45.40039063,364.88331620734095,777.0,8.57922650967949
0.986816406,3.73046875,44.9140625,5.460449219,59.40429688,285.89265417802835,836.5,4.0875844993494574
0.986816406,3.73046875,44.9140625,5.460449219,45.40039063,364.88331620734095,777.0,8.57922650967949
0.144042969,6.40234375,9.1484375,9.441894531,29.40429688,23.959301885293495,837.48,0.16407838975962813
0.486816406,6.40234375,9.1484375,9.441894531,29.40429688,82.60947476610458,858.6666666666666,2.0550668074177993
0.144042969,7.73046875,9.1484375,9.441894531,29.40429688,24.236466857328185,800.72,0.24828588346694255
0.144042969,6.40234375,20.9140625,9.441894531,29.40429688,33.69030016698695,552.26,0.842527466238463
0.144042969,6.40234375,9.1484375,9.960449219,29.40429688,23.959301885293495,837.48,0.16407838975962813
0.144042969,6.40234375,9.1484375,9.441894531,75.40039063,20.328888891076137,910.921875,0.296720375238942
0.144042969,7.73046875,20.9140625,9.960449219,75.40039063,26.581618660055952,783.9140625,0.2694535667818632
0.486816406,6.40234375,20.9140625,9.960449219,75.40039063,81.95833424676152,885.9605263157895,0.31154198679472395
0.486816406,7.73046875,9.1484375,9.960449219,75.40039063,66.903353578435,904.1184210526316,0.552309239762018
0.486816406,7.73046875,20.9140625,9.441894531,75.40039063,97.96203845290452,824.3815789473684,0.6414048441989164
0.486816406,7.73046875,20.9140625,9.960449219,29.40429688,84.37511821046219,854.0333333333333,0.8423049314742761
0.486816406,7.73046875,20.9140625,9.960449219,75.40039063,97.96203845290452,824.3815789473684,0.6414048441989164
0.206542969,5.90234375,36.1484375,6.629394531,55.65429688,47.86274171721244,717.5340909090909,0.06383409367953141
0.299316406,5.90234375,36.1484375,6.629394531,55.65429688,67.49904454898109,746.7564102564103,0.0852945942982407
0.206542969,5.23046875,36.1484375,6.629394531,55.65429688,43.312870548347504,786.375,0.06732678748919804
0.206542969,5.90234375,11.9140625,6.629394531,55.65429688,32.80144190798439,882.1590909090909,0.331330314512419
0.206542969,5.90234375,36.1484375,7.147949219,55.65429688,47.86274171721244,717.5340909090909,0.06383409367953141
0.206542969,5.90234375,36.1484375,6.629394531,41.65039063,41.06721162670026,828.1363636363636,0.027352128401577604
0.206542969,5.23046875,11.9140625,7.147949219,41.65039063,37.98467978451371,837.969696969697,0.10466283030864039
0.299316406,5.90234375,11.9140625,7.147949219,41.65039063,53.04724070229491,857.3620689655172,0.8615749626007615
0.299316406,5.23046875,36.1484375,7.147949219,41.65039063,75.95760116836763,710.4310344827586,0.1470756628646802
0.299316406,5.23046875,11.9140625,6.629394531,41.65039063,55.113617356252355,844.3448275862069,0.5453915999374738
0.299316406,5.23046875,11.9140625,7.147949219,55.65429688,48.80838818927494,867.4615384615385,0.3862556356639371
0.299316406,5.23046875,11.9140625,7.147949219,41.65039063,55.113617356252355,844.3448275862069,0.5453915999374738
0.706542969,9.90234375,12.1484375,2.129394531,25.65429688,140.06006287226322,841.375,1.9292540666298001
0.799316406,9.90234375,12.1484375,2.129394531,25.65429688,176.48757473841604,824.6,3.14780240012865
0.706542969,9.23046875,12.1484375,2.129394531,25.65429688,133.42647931024342,847.9375,1.2903900116362046
0.706542969,9.90234375,35.9140625,2.129394531,25.65429688,150.34033255984738,767.625,1.9493222434855886
0.706542969,9.90234375,12.1484375,2.647949219,25.65429688,140.06006287226322,841.375,1.9292540666298001
0.706542969,9.90234375,12.1484375,2.129394531,71.65039063,119.014178433278,893.547619047619,1.906120485911093
0.706542969,9.23046875,35.9140625,2.647949219,71.65039063,168.54050262217964,837.9047619047619,0.7221167402101873
0.799316406,9.90234375,35.9140625,2.647949219,71.65039063,214.4459130636937,849.5,2.3642763237414512
0.799316406,9.23046875,12.1484375,2.647949219,71.65039063,151.65306210831957,900.0,2.8389851332719593
0.799316406,9.23046875,35.9140625,2.129394531,71.65039063,171.86134081457467,878.9285714285714,1.2315081653318576
0.799316406,9.23046875,35.9140625,2.647949219,25.65429688,159.55210982729926,777.4,2.6074324552798105
0.799316406,9.23046875,35.9140625,2.647949219,71.65039063,171.86134081457467,878.9285714285714,1.2315081653318576
0.956542969,3.90234375,48.1484375,8.879394531,40.65429688,250.42774644207782,808.75,5.566342355986551
0.549316406,3.90234375,48.1484375,8.879394531,40.65429688,117.7186892439451,829.7777777777778,0.2378824685083495
0.956542969,3.23046875,48.1484375,8.879394531,40.65429688,377.18104980623457,742.5,5.200619286990763
0.956542969,3.90234375,47.9140625,8.879394531,40.65429688,250.42774644207782,808.75,5.566342355986551
0.956542969,3.90234375,48.1484375,4.897949219,40.65429688,250.42774644207782,808.75,5.566342355986551
0.956542969,3.90234375,48.1484375,8.879394531,56.65039063,331.38661936792914,815.25,11.630945100527699
0.956542969,3.23046875,47.9140625,4.897949219,56.65039063,384.9065537668762,789.75,11.486900830346464
0.549316406,3.90234375,47.9140625,4.897949219,56.65039063,98.53699556606664,878.2884615384615,0.17702619753359758
0.549316406,3.23046875,48.1484375,4.897949219,56.65039063,145.2632271501216,767.0961538461538,0.46103266315410146
0.549316406,3.23046875,47.9140625,8.879394531,56.65039063,145.2632271501216,767.0961538461538,0.46103266315410146
0.549316406,3.23046875,47.9140625,4.897949219,40.65429688,126.34087148265573,814.6388888888889,0.3654442973408578
0.549316406,3.23046875,47.9140625,4.897949219,56.65039063,145.2632271501216,767.0961538461538,0.46103266315410146
0.456542969,7.90234375,24.1484375,4.379394531,70.65429688,85.62191994642589,835.2179487179487,0.41829541442681545
0.049316406,7.90234375,24.1484375,4.379394531,70.65429688,11.221212062032075,642.8731343283582,0.2873780109525916
0.456542969,7.23046875,24.1484375,4.379394531,70.65429688,86.77184486768722,824.4102564102565,0.46678139828097087
0.456542969,7.90234375,23.9140625,4.379394531,70.65429688,85.62191994642589,835.2179487179487,0.41829541442681545
0.456542969,7.90234375,24.1484375,9.397949219,70.65429688,85.62191994642589,835.2179487179487,0.41829541442681545
0.456542969,7.90234375,24.1484375,4.379394531,26.65039063,90.75088345906399,804.5,0.5658644730812588
0.456542969,7.23046875,23.9140625,9.397949219,26.65039063,81.59499165008864,833.2666666666667,0.44614773763336235
0.049316406,7.90234375,23.9140625,9.397949219,26.65039063,7.7801741316854764,613.8846153846154,0.1415120273080896
0.049316406,7.23046875,24.1484375,9.397949219,26.65039063,7.329271195912809,726.4615384615385,0.1385496420118802
0.049316406,7.23046875,23.9140625,4.379394531,26.65039063,7.329271195912809,726.4615384615385,0.1385496420118802
0.049316406,7.23046875,23.9140625,9.397949219,70.65429688,10.792306413282756,694.7089552238806,0.051183058267267954
0.049316406,7.23046875,23.9140625,9.397949219,26.65039063,7.329271195912809,726.4615384615385,0.1385496420118802
0.331542969,2.90234375,6.1484375,3.254394531,78.15429688,45.74051395679528,877.9326923076923,0.6883711487345229
0.424316406,2.90234375,6.1484375,3.254394531,78.15429688,62.61724139630655,858.8666666666667,2.970254199284721
0.331542969,2.23046875,6.1484375,3.254394531,78.15429688,51.56098234097481,851.875,1.4674518703410553
0.331542969,2.90234375,41.9140625,3.254394531,78.15429688,73.53196166772605,755.8557692307693,0.05641975310846915
0.331542969,2.90234375,6.1484375,3.772949219,78.15429688,45.74051395679528,877.9326923076923,0.6883711487345229
0.331542969,2.90234375,6.1484375,3.254394531,79.15039063,45.09278191269119,879.5094339622641,1.5696577607838325
0.331542969,2.23046875,41.9140625,3.772949219,79.15039063,70.18628283753607,781.3962264150944,0.07465916684243085
0.424316406,2.90234375,41.9140625,3.772949219,79.15039063,102.5538654505363,750.4111111111112,0.3125563474793921
0.424316406,2.23046875,6.1484375,3.772949219,79.15039063,69.88453616636501,846.2,1.8254418496653058
0.424316406,2.23046875,41.9140625,3.254394531,79.15039063,85.69487767220274,841.1555555555556,0.13410525422365727
0.424316406,2.23046875,41.9140625,3.772949219,78.15429688,95.63752450976533,790.4444444444445,0.19807297379361608
0.424316406,2.23046875,41.9140625,3.772949219,79.15039063,85.69487767220274,841.1555555555556,0.13410525422365727
0.831542969,6.90234375,30.1484375,7.754394531,48.15429688,197.61246188969878,848.1875,2.7273754257769385
0.924316406,6.90234375,30.1484375,7.754394531,48.15429688,224.59573228377934,846.125,3.7479530948718542
0.831542969,6.23046875,30.1484375,7.754394531,48.15429688,200.59740021321664,846.375,3.717126527358952
0.831542969,6.90234375,17.9140625,7.754394531,48.15429688,191.91563608410226,863.9375,4.188952116188911
0.831542969,6.90234375,30.1484375,8.272949219,48.15429688,197.61246188969878,848.1875,2.7273754257769385
0.831542969,6.90234375,30.1484375,7.754394531,49.15039063,222.54942810399493,841.9375,6.538861249321408
0.831542969,6.23046875,17.9140625,8.272949219,49.15039063,190.5567133432223,869.3125,3.413889355141903
0.924316406,6.90234375,17.9140625,8.272949219,49.15039063,244.3178865370361,857.5,4.758008320718393
0.924316406,6.23046875,30.1484375,8.272949219,49.15039063,245.12258622296042,844.875,5.322452605785663
0.924316406,6.23046875,17.9140625,7.754394531,49.15039063,230.55956911274416,866.125,5.559547620472551
0.924316406,6.23046875,17.9140625,8.272949219,48.15429688,214.65484255354525,868.25,10.237190878024634
0.924316406,6.23046875,17.9140625,8.272949219,49.15039063,230.55956911274416,866.125,5.559547620472551
0.581542969,4.90234375,18.1484375,1.004394531,33.15429688,126.10117844244951,819.25,1.3857034402338249
0.674316406,4.90234375,18.1484375,1.004394531,33.15429688,163.69799403150748,797.1818181818181,1.8473868796554616
0.581542969,4.23046875,18.1484375,1.004394531,33.15429688,126.50489586137371,829.8214285714286,1.6148443119298985
0.581542969,4.90234375,5.9140625,1.004394531,33.15429688,92.83500716642504,868.8571428571429,2.7170842711397345
0.581542969,4.90234375,18.1484375,6.022949219,33.15429688,126.10117844244951,819.25,1.3857034402338249
0.581542969,4.90234375,18.1484375,1.004394531,34.15039063,122.55179953443414,841.75,0.4221836738457145
0.581542969,4.23046875,5.9140625,6.022949219,34.15039063,106.11784612531652,859.25,4.433369032368574
0.674316406,4.90234375,5.9140625,6.022949219,34.15039063,127.55727242205143,855.3636363636364,2.289082146331373
0.674316406,4.23046875,18.1484375,6.022949219,34.15039063,152.22958143123486,827.9545454545455,1.588794419776115
0.674316406,4.23046875,5.9140625,1.004394531,34.15039063,127.4776930172627,867.5909090909091,5.221877372599418
0.674316406,4.23046875,5.9140625,6.022949219,33.15429688,109.13862607396999,883.3181818181819,3.097256935365784
0.674316406,4.23046875,5.9140625,6.022949219,34.15039063,127.4776930172627,867.5909090909091,5.221877372599418
0.081542969,8.90234375,42.1484375,5.504394531,63.15429688,21.00187926103733,409.0603448275862,0.17924987000317938
0.174316406,8.90234375,42.1484375,5.504394531,63.15429688,42.49283350795572,618.7211538461538,0.07529446883657527
0.081542969,8.23046875,42.1484375,5.504394531,63.15429688,21.98855358988265,319.0,1.550210653401633
0.081542969,8.90234375,29.9140625,5.504394531,63.15429688,16.174770011051336,712.9224137931035,0.020165351241819326
0.081542969,8.90234375,42.1484375,1.522949219,63.15429688,21.00187926103733,409.0603448275862,0.17924987000317938
0.081542969,8.90234375,42.1484375,5.504394531,64.15039063,21.67781544752503,365.70338983050846,0.17665115025010603
0.081542969,8.23046875,29.9140625,1.522949219,64.15039063,15.460072182916704,706.1186440677966,0.02190612498891774
0.174316406,8.90234375,29.9140625,1.522949219,64.15039063,33.181403835372365,759.7735849056604,0.04849972264141998
0.174316406,8.23046875,42.1484375,1.522949219,64.15039063,36.63925455526435,728.4905660377359,0.040731121062019114
0.174316406,8.23046875,29.9140625,5.504394531,64.15039063,34.02272559929265,757.4150943396227,0.08128024584644375
0.174316406,8.23046875,29.9140625,1.522949219,63.15429688,38.440276971549764,693.3269230769231,0.06787578188492506
0.174316406,8.23046875,29.9140625,1.522949219,64.15039063,34.02272559929265,757.4150943396227,0.08128024584644375
0.112792969,4.65234375,13.6484375,5.223144531,35.02929688,21.74405858448929,802.8548387096774,0.07733670014827125
0.893066406,4.65234375,13.6484375,5.223144531,35.02929688,226.53299043422942,849.625,4.7638176608022915
0.112792969,6.98046875,13.6484375,5.223144531,35.02929688,21.442591912945055,824.0322580645161,0.02934878861847016
0.112792969,4.65234375,7.4140625,5.223144531,35.02929688,18.967170859584744,850.1451612903226,0.13665203436747203
0.112792969,4.65234375,13.6484375,2.366699219,35.02929688,21.74405858448929,802.8548387096774,0.07733670014827125
0.112792969,4.65234375,13.6484375,5.223144531,28.52539063,22.14623057889161,675.0384615384615,0.12510754719818803
0.112792969,6.98046875,7.4140625,2.366699219,28.52539063,17.93263392915013,830.0769230769231,0.6434626200820485
0.893066406,4.65234375,7.4140625,2.366699219,28.52539063,201.4609560950046,858.1666666666666,6.0488370044807525
0.893066406,6.98046875,13.6484375,2.366699219,28.52539063,248.83360043222532,819.6666666666666,2.8234925489702425
0.893066406,6.98046875,7.4140625,5.223144531,28.52539063,233.39703245194426,838.8333333333334,5.7432767492908665
0.893066406,6.98046875,7.4140625,2.366699219,35.02929688,200.25149522982917,872.0,6.44441097273917
0.893066406,6.98046875,7.4140625,2.366699219,28.52539063,233.39703245194426,838.8333333333334,5.7432767492908665
0.612792969,8.65234375,37.6484375,9.723144531,65.02929688,138.0461474460076,827.68,0.8878780836343232
0.393066406,8.65234375,37.6484375,9.723144531,65.02929688,78.77607855834633,827.0512820512821,0.14644545348255578
0.612792969,2.98046875,37.6484375,9.723144531,65.02929688,156.11951791999925,803.96,0.7014791603731674
0.612792969,8.65234375,31.4140625,9.723144531,65.02929688,123.50553918842496,858.38,0.72154861711481
0.612792969,8.65234375,37.6484375,6.866699219,65.02929688,138.0461474460076,827.68,0.8878780836343232
0.612792969,8.65234375,37.6484375,9.723144531,58.52539063,139.69791322774068,826.8695652173913,1.038573938817066
0.612792969,2.98046875,31.4140625,6.866699219,58.52539063,152.83168286479452,800.4347826086956,2.1380270320546364
0.393066406,8.65234375,31.4140625,6.866699219,58.52539063,77.46899060357596,818.2361111111111,0.2894853827495617
0.393066406,2.98046875,37.6484375,6.866699219,58.52539063,77.55711809094839,835.8611111111111,0.1270391447389556
0.393066406,2.98046875,31.4140625,9.723144531,58.52539063,83.65324774712688,803.8194444444445,0.35373978692358155
0.393066406,2.98046875,31.4140625,6.866699219,65.02929688,80.85527857151698,831.6153846153846,0.20046143030953933
0.393066406,2.98046875,31.4140625,6.866699219,58.52539063,83.65324774712688,803.8194444444445,0.35373978692358155
0.862792969,2.65234375,25.6484375,2.973144531,50.02929688,254.1955049147193,827.0,3.2223721011904347
0.143066406,2.65234375,25.6484375,2.973144531,50.02929688,34.95494638240617,557.8023255813954,0.10182726831966218
0.862792969,8.98046875,25.6484375,2.973144531,50.02929688,197.79856603140493,867.4285714285714,2.445791885418794
0.862792969,2.65234375,43.4140625,2.973144531,50.02929688,264.59540740030326,800.5,2.257872165645042
0.862792969,2.65234375,25.6484375,9.116699219,50.02929688,254.1955049147193,827.0,3.2223721011904347
0.862792969,2.65234375,25.6484375,2.973144531,73.52539063,252.2937202139332,854.7,5.178997483312894
0.862792969,8.98046875,43.4140625,9.116699219,73.52539063,227.2538078211152,855.8,2.7473290025852535
0.143066406,2.65234375,43.4140625,9.116699219,73.52539063,40.056903305978736,507.0079365079365,0.15635948706338398
0.143066406,8.98046875,25.6484375,9.116699219,73.52539063,26.207442632393423,800.984126984127,0.026578167967137252
0.143066406,8.98046875,43.4140625,2.973144531,73.52539063,33.52065192163671,660.7936507936508,0.031730428288368674
0.143066406,8.98046875,43.4140625,9.116699219,50.02929688,28.466946511736353,772.7325581395348,0.045083968927733004
0.143066406,8.98046875,43.4140625,9.116699219,73.52539063,33.52065192163671,660.7936507936508,0.031730428288368674
0.362792969,6.65234375,49.6484375,7.473144531,20.02929688,60.36096063981123,630.8076923076923,0.40914344637604044
0.643066406,6.65234375,49.6484375,7.473144531,20.02929688,94.11819387346422,735.2142857142857,0.6074966796546424
0.362792969,4.98046875,49.6484375,7.473144531,20.02929688,63.487288649581735,613.2692307692307,0.6062208320571945
0.362792969,6.65234375,19.4140625,7.473144531,20.02929688,66.60650333209938,796.6538461538462,0.7953212992571113
0.362792969,6.65234375,49.6484375,4.616699219,20.02929688,60.36096063981123,630.8076923076923,0.40914344637604044
0.362792969,6.65234375,49.6484375,7.473144531,43.52539063,100.38022156068214,626.4285714285714,0.33318665043055923
0.362792969,4.98046875,19.4140625,4.616699219,43.52539063,74.91073073119021,788.3928571428571,0.5240643772127166
0.643066406,6.65234375,19.4140625,4.616699219,43.52539063,140.61920079721352,834.875,0.4873855371170393
0.643066406,4.98046875,49.6484375,4.616699219,43.52539063,156.74785928020222,786.71875,0.47854339379120103
0.643066406,4.98046875,19.4140625,7.473144531,43.52539063,141.79021058915094,836.28125,2.155709615896933
0.643066406,4.98046875,19.4140625,4.616699219,20.02929688,136.5655714849998,808.5714285714286,1.8700705862539502
0.643066406,4.98046875,19.4140625,4.616699219,43.52539063,141.79021058915094,836.28125,2.155709615896933
0.487792969,3.65234375,31.6484375,6.348144531,27.52929688,117.59143550415362,770.75,0.8194740969264117
0.768066406,3.65234375,31.6484375,6.348144531,27.52929688,192.60224758861332,778.9166666666666,2.0023522038532806
0.487792969,9.98046875,31.6484375,6.348144531,27.52929688,113.58167730692183,777.8571428571429,0.5550807490422566
0.487792969,3.65234375,49.4140625,6.348144531,27.52929688,118.93927985211018,677.5,0.7553194964730724
0.487792969,3.65234375,31.6484375,7.991699219,27.52929688,117.59143550415362,770.75,0.8194740969264117
0.487792969,3.65234375,31.6484375,6.348144531,51.02539063,116.53504463073826,774.6923076923077,0.8065166025683623
0.487792969,9.98046875,49.4140625,7.991699219,51.02539063,116.49731358892737,784.3846153846154,0.7751849569475509
0.768066406,3.65234375,49.4140625,7.991699219,51.02539063,193.22727853171298,825.25,1.6599091332669589
0.768066406,9.98046875,31.6484375,7.991699219,51.02539063,185.8312733032319,832.8333333333334,2.4647479443960814
0.768066406,9.98046875,49.4140625,6.348144531,51.02539063,207.35219447309427,800.9583333333334,2.2487425500499105
0.768066406,9.98046875,49.4140625,7.991699219,27.52929688,165.77354056979843,741.3333333333334,0.9070194718813621
0.768066406,9.98046875,49.4140625,7.991699219,51.02539063,207.35219447309427,800.9583333333334,2.2487425500499105
0.987792969,7.65234375,7.6484375,1.848144531,57.52929688,165.0663593626677,895.5,4.802167227864106
0.268066406,7.65234375,7.6484375,1.848144531,57.52929688,35.660095749388,921.4166666666666,0.6638723726205007
0.987792969,5.98046875,7.6484375,1.848144531,57.52929688,210.81230090420786,893.5,7.405009162257929
0.987792969,7.65234375,25.4140625,1.848144531,57.52929688,256.2220766971297,856.5,7.482753198241567
0.987792969,7.65234375,7.6484375,3.491699219,57.52929688,165.0663593626677,895.5,4.802167227864106
0.987792969,7.65234375,7.6484375,1.848144531,21.02539063,0,0,10.227474694878593
0.987792969,5.98046875,25.4140625,3.491699219,21.02539063,0,0,5.663772466996628
0.268066406,7.65234375,25.4140625,3.491699219,21.02539063,59.956684955694755,746.8,0.6104697118514298
0.268066406,5.98046875,7.6484375,3.491699219,21.02539063,49.05957020401265,861.8666666666667,0.7630245017563205
0.268066406,5.98046875,25.4140625,1.848144531,21.02539063,66.17528918285895,687.0,0.12564052465891928
0.268066406,5.98046875,25.4140625,3.491699219,57.52929688,47.48669846874028,849.25,0.3132198791469275
0.268066406,5.98046875,25.4140625,3.491699219,21.02539063,66.17528918285895,687.0,0.12564052465891928
0.737792969,5.65234375,43.6484375,8.598144531,72.52929688,173.94330934545056,850.078947368421,1.0368077780576759
0.018066406,5.65234375,43.6484375,8.598144531,72.52929688,3.2650216690247302,307.59027777777777,0.24495225163207343
0.737792969,7.98046875,43.6484375,8.598144531,72.52929688,212.95309499275663,807.421052631579,2.050368827170155
0.737792969,5.65234375,13.4140625,8.598144531,72.52929688,152.04198261466158,873.8157894736842,4.33141653148238
0.737792969,5.65234375,43.6484375,1.241699219,72.52929688,173.94330934545056,850.078947368421,1.0368077780576759
0.737792969,5.65234375,43.6484375,8.598144531,36.02539063,186.4846445419393,779.9444444444445,1.6638617459682759
0.737792969,7.98046875,13.4140625,1.241699219,36.02539063,189.8364107252341,829.6666666666666,3.8797107409544607
0.018066406,5.65234375,13.4140625,1.241699219,36.02539063,5.073824750949643,783.6142857142858,0.10043711892831533
0.018066406,7.98046875,43.6484375,1.241699219,36.02539063,6.507258835371923,399.04285714285714,0.3109917675542774
0.018066406,7.98046875,13.4140625,8.598144531,36.02539063,5.116292394217992,775.9857142857143,0.059184763395508974
0.018066406,7.98046875,13.4140625,1.241699219,72.52929688,2.4138296504542542,869.625,0.02433966000146515
0.018066406,7.98046875,13.4140625,1.241699219,36.02539063,5.116292394217992,775.9857142857143,0.059184763395508974
0.237792969,9.65234375,19.6484375,4.098144531,42.52929688,40.05400167623149,859.030303030303,0.07422850196790998
0.518066406,9.65234375,19.6484375,4.098144531,42.52929688,91.59969889184993,864.1428571428571,1.085106515457283
0.237792969,3.98046875,19.6484375,4.098144531,42.52929688,40.98047531875028,849.5909090909091,0.0679087002026194
0.237792969,9.65234375,37.4140625,4.098144531,42.52929688,57.042763005524804,652.6818181818181,0.11822206179426994
0.237792969,9.65234375,19.6484375,5.741699219,42.52929688,40.05400167623149,859.030303030303,0.07422850196790998
0.237792969,9.65234375,19.6484375,4.098144531,66.02539063,41.52871690224818,835.86,0.14928912583971707
0.237792969,3.98046875,37.4140625,5.741699219,66.02539063,73.42496552171256,446.83,0.4364968441168474
0.518066406,9.65234375,37.4140625,5.741699219,66.02539063,131.33016749176326,746.1875,0.3206062800092524
0.518066406,3.98046875,19.6484375,5.741699219,66.02539063,100.03186641994535,844.53125,0.6239518688327568
0.518066406,3.98046875,37.4140625,4.098144531,66.02539063,120.4859803012229,793.890625,0.3732448562445475
0.518066406,3.98046875,37.4140625,5.741699219,42.52929688,103.16248995012441,850.0952380952381,0.2944325520048483
0.518066406,3.98046875,37.4140625,5.741699219,66.02539063,120.4859803012229,793.890625,0.3732448562445475
0.175292969,2.15234375,40.6484375,1.285644531,68.77929688,39.68471741923516,668.7631578947369,0.08480007180377264
0.705566406,2.15234375,40.6484375,1.285644531,68.77929688,186.0085167355116,824.575,0.9896952782336572
0.175292969,9.48046875,40.6484375,1.285644531,68.77929688,29.923602651675644,863.3421052631579,0.021823274326584725
0.175292969,2.15234375,46.4140625,1.285644531,68.77929688,40.1427619478566,688.359649122807,0.029066620775341875
0.175292969,2.15234375,40.6484375,8.554199219,68.77929688,39.68471741923516,668.7631578947369,0.08480007180377264
0.175292969,2.15234375,40.6484375,1.285644531,47.27539063,17.422533637333533,482.97435897435895,4.942517346024201
0.175292969,9.48046875,46.4140625,8.554199219,47.27539063,42.719308060814754,598.7435897435897,0.10735238762302193
0.705566406,2.15234375,46.4140625,8.554199219,47.27539063,191.93181899135485,796.8214285714286,0.9492076696572737
0.705566406,9.48046875,40.6484375,8.554199219,47.27539063,166.74609917259525,809.6071428571429,0.898931567594507
0.705566406,9.48046875,46.4140625,1.285644531,47.27539063,153.70308771175925,818.1071428571429,0.8123979231515082
0.705566406,9.48046875,46.4140625,8.554199219,68.77929688,178.60287416554266,825.325,0.6362523581233844
0.705566406,9.48046875,46.4140625,8.554199219,47.27539063,153.70308771175925,818.1071428571429,0.8123979231515082
0.675292969,6.15234375,16.6484375,5.785644531,38.77929688,156.5857006058057,816.6538461538462,2.9492322846330787
0.205566406,6.15234375,16.6484375,5.785644531,38.77929688,38.558293992933116,820.8387096774194,0.12680912135297903
0.675292969,5.48046875,16.6484375,5.785644531,38.77929688,153.61362867973017,825.6923076923077,3.490923859450009
0.675292969,6.15234375,22.4140625,5.785644531,38.77929688,141.64820969179274,847.0384615384615,1.8618673079714603
0.675292969,6.15234375,16.6484375,4.054199219,38.77929688,156.5857006058057,816.6538461538462,2.9492322846330787
0.675292969,6.15234375,16.6484375,5.785644531,77.27539063,145.97739757435775,855.68,2.6380772555715484
0.675292969,5.48046875,22.4140625,4.054199219,77.27539063,143.80382738778064,864.8,1.2100241420313111
0.205566406,6.15234375,22.4140625,4.054199219,77.27539063,36.45581754751255,818.5245901639345,0.05791501036859335
0.205566406,5.48046875,16.6484375,4.054199219,77.27539063,33.35424646708936,856.2786885245902,0.05344975903218267
0.205566406,5.48046875,22.4140625,5.785644531,77.27539063,40.09114000407082,763.0245901639345,0.09852250979251254
0.205566406,5.48046875,22.4140625,4.054199219,38.77929688,45.20235112743516,666.8709677419355,0.18851530369302522
0.205566406,5.48046875,22.4140625,4.054199219,77.27539063,40.09114000407082,763.0245901639345,0.09852250979251254
0.925292969,4.15234375,28.6484375,3.535644531,23.77929688,256.39881057048626,756.25,6.521997576859949
0.455566406,4.15234375,28.6484375,3.535644531,23.77929688,95.62334992089228,779.6153846153846,0.425286221719099
0.925292969,7.48046875,28.6484375,3.535644531,23.77929688,223.87005088117783,781.25,5.771332977479311
0.925292969,4.15234375,10.4140625,3.535644531,23.77929688,238.1878823279486,821.25,5.295543049976495
0.925292969,4.15234375,28.6484375,1.804199219,23.77929688,256.39881057048626,756.25,6.521997576859949
0.925292969,4.15234375,28.6484375,3.535644531,62.27539063,253.5586711741808,861.9,5.0079203350561885
0.925292969,7.48046875,10.4140625,1.804199219,62.27539063,245.37459543740607,876.4,6.3696760293538555
0.455566406,4.15234375,10.4140625,1.804199219,62.27539063,73.61833876311732,883.3676470588235,1.7052111131847447
0.455566406,7.48046875,28.6484375,1.804199219,62.27539063,88.47099437697662,825.6764705882352,0.23659789757491673
0.455566406,7.48046875,10.4140625,3.535644531,62.27539063,66.17986427295511,894.6176470588235,0.7503700672304007
0.455566406,7.48046875,10.4140625,1.804199219,23.77929688,78.45131364513762,865.2692307692307,1.1514818923114951
0.455566406,7.48046875,10.4140625,1.804199219,62.27539063,66.17986427295511,894.6176470588235,0.7503700672304007
0.425292969,8.15234375,4.6484375,8.035644531,53.77929688,82.32209230356447,715.7903225806451,2.335946341592483
0.955566406,8.15234375,4.6484375,8.035644531,53.77929688,222.43480862082095,896.0,6.06316431560871
0.425292969,3.48046875,4.6484375,8.035644531,53.77929688,84.81978227177639,744.483870967742,4.133051460594935
0.425292969,8.15234375,34.4140625,8.035644531,53.77929688,91.1160743123982,794.1774193548387,0.547214936759426
0.425292969,8.15234375,4.6484375,6.304199219,53.77929688,82.32209230356447,715.7903225806451,2.335946341592483
0.425292969,8.15234375,4.6484375,8.035644531,32.27539063,85.1866303265133,733.9444444444445,3.0230684961842407
0.425292969,3.48046875,34.4140625,6.304199219,32.27539063,108.12431189991463,721.5277777777778,0.4905432995324833
0.955566406,8.15234375,34.4140625,6.304199219,32.27539063,375.74100505822764,727.5,9.301058697663384
0.955566406,3.48046875,4.6484375,6.304199219,32.27539063,235.48071892205806,868.0,11.691020821883376
0.955566406,3.48046875,34.4140625,8.035644531,32.27539063,262.44616960193486,799.5,9.138043047017598
0.955566406,3.48046875,34.4140625,6.304199219,53.77929688,431.0239959807625,776.25,6.136886943324713
0.955566406,3.48046875,34.4140625,6.304199219,32.27539063,262.44616960193486,799.5,9.138043047017598
0.300292969,5.15234375,22.6484375,9.160644531,61.27929688,49.32765684152346,866.6744186046511,0.22224344969510676
0.580566406,5.15234375,22.6484375,9.160644531,61.27929688,125.321606870547,828.8846153846154,0.737270283522253
0.300292969,6.48046875,22.6484375,9.160644531,61.27929688,47.610082454942905,876.0348837209302,0.2793922138377493
0.300292969,5.15234375,4.4140625,9.160644531,61.27929688,41.25023133178723,837.0930232558139,1.0573010670422875
0.300292969,5.15234375,22.6484375,2.929199219,61.27929688,49.32765684152346,866.6744186046511,0.22224344969510676
0.300292969,5.15234375,22.6484375,9.160644531,69.77539063,53.1111459871523,838.3775510204082,0.12416042962275464
0.300292969,6.48046875,4.4140625,2.929199219,69.77539063,44.632082488999494,809.4591836734694,1.9857677212047238
0.580566406,5.15234375,4.4140625,2.929199219,69.77539063,99.99653727663254,828.8275862068965,7.255964086290127
0.580566406,6.48046875,22.6484375,2.929199219,69.77539063,109.50353076996376,870.4827586206897,0.7083138334498508
0.580566406,6.48046875,4.4140625,9.160644531,69.77539063,91.55836603384711,851.3448275862069,3.08158416621671
0.580566406,6.48046875,4.4140625,2.929199219,61.27929688,94.31159695242687,837.0769230769231,4.376259804580813
0.580566406,6.48046875,4.4140625,2.929199219,69.77539063,91.55836603384711,851.3448275862069,3.08158416621671
0.800292969,9.15234375,46.6484375,4.660644531,31.27929688,234.79050290830844,715.1666666666666,3.939425432784938
0.080566406,9.15234375,46.6484375,4.660644531,31.27929688,14.546515873763893,721.5344827586207,0.018271174830230632
0.800292969,2.48046875,46.6484375,4.660644531,31.27929688,198.23158878154925,743.4166666666666,2.530624034026845
0.800292969,9.15234375,28.4140625,4.660644531,31.27929688,223.45762069403807,770.75,5.095222428551918
0.800292969,9.15234375,46.6484375,7.429199219,31.27929688,234.79050290830844,715.1666666666666,3.939425432784938
0.800292969,9.15234375,46.6484375,4.660644531,39.77539063,133.1036985553839,842.5,0.761668305625388
0.800292969,2.48046875,28.4140625,7.429199219,39.77539063,202.68387911318644,818.4375,1.6756392073919104
0.080566406,9.15234375,28.4140625,7.429199219,39.77539063,16.331299177450784,681.0675675675676,0.051221311745744215
0.080566406,2.48046875,46.6484375,7.429199219,39.77539063,-4.368178004819394,610.0675675675676,1.1956907318752392
0.080566406,2.48046875,28.4140625,4.660644531,39.77539063,15.593891165052225,690.8783783783783,0.045707257559372105
0.080566406,2.48046875,28.4140625,7.429199219,31.27929688,14.731783626308367,614.6379310344828,0.14097138668584652
0.080566406,2.48046875,28.4140625,7.429199219,39.77539063,15.593891165052225,690.8783783783783,0.045707257559372105
0.550292969,3.15234375,10.6484375,6.910644531,46.27929688,106.5840661653744,838.3571428571429,1.1419726687682124
0.330566406,3.15234375,10.6484375,6.910644531,46.27929688,58.81703026326442,848.1774193548387,0.20480004209602803
0.550292969,8.48046875,10.6484375,6.910644531,46.27929688,96.20678618474179,866.0,2.4175738339426793
0.550292969,3.15234375,40.4140625,6.910644531,46.27929688,144.64954568122852,745.7619047619048,0.4077617969048748
0.550292969,3.15234375,10.6484375,9.679199219,46.27929688,106.5840661653744,838.3571428571429,1.1419726687682124
0.550292969,3.15234375,10.6484375,6.910644531,24.77539063,125.1466566079483,794.5,2.4617671337889573
0.550292969,8.48046875,40.4140625,9.679199219,24.77539063,120.64556384214711,731.0,1.6003968069195675
0.330566406,3.15234375,40.4140625,9.679199219,24.77539063,81.2506090335609,628.4705882352941,5.302490120057007
0.330566406,8.48046875,10.6484375,9.679199219,24.77539063,59.12768745339742,807.5588235294117,0.647502867933174
0.330566406,8.48046875,40.4140625,6.910644531,24.77539063,78.68092335840436,592.3823529411765,0.3888593382223892
0.330566406,8.48046875,40.4140625,9.679199219,46.27929688,66.57347681744558,796.0322580645161,0.08959077692895387
0.330566406,8.48046875,40.4140625,9.679199219,24.77539063,78.68092335840436,592.3823529411765,0.3888593382223892
0.050292969,7.15234375,34.6484375,2.410644531,76.27929688,11.5841024098768,554.6944444444445,0.012988977514983967
0.830566406,7.15234375,34.6484375,2.410644531,76.27929688,232.78114380910478,845.3846153846154,2.6735086362957348
0.050292969,4.48046875,34.6484375,2.410644531,76.27929688,12.121897153485243,496.375,0.029863462755402474
0.050292969,7.15234375,16.4140625,2.410644531,76.27929688,9.05314289102109,858.0277777777778,0.0050908184983716465
0.050292969,7.15234375,34.6484375,5.179199219,76.27929688,11.5841024098768,554.6944444444445,0.012988977514983967
0.050292969,7.15234375,34.6484375,2.410644531,54.77539063,13.075509014800021,448.28846153846155,0.05789774637847127
0.050292969,4.48046875,16.4140625,5.179199219,54.77539063,12.930575389477806,537.3557692307693,0.5954181540451635
0.830566406,7.15234375,16.4140625,5.179199219,54.77539063,197.11948617946416,875.7222222222222,2.1726377169886426
0.830566406,4.48046875,34.6484375,5.179199219,54.77539063,234.8582982561617,831.7222222222222,2.9482634415552598
0.830566406,4.48046875,16.4140625,2.410644531,54.77539063,206.9777578437508,869.4444444444445,3.5797881344812046
0.830566406,4.48046875,16.4140625,5.179199219,76.27929688,210.37784898316784,870.0,7.46883933988719
0.830566406,4.48046875,16.4140625,5.179199219,54.77539063,206.9777578437508,869.4444444444445,3.5797881344812046
0.034667969,5.27734375,47.3984375,4.238769531,30.34179688,7.916892871696861,556.6034482758621,0.11701242183330254
0.939941406,5.27734375,47.3984375,4.238769531,30.34179688,225.6628932902928,723.25,2.028969401667147
