0.265136719,6.94921875,29.2109375,3.992675781,46.98242188,57.447404522583405,708.1285714285714,0.1115381429974925
0.265136719,5.68359375,31.9765625,3.992675781,46.98242188,48.23233246346064,825.9428571428572,0.04451909708767586
0.265136719,5.68359375,29.2109375,8.378417969,46.98242188,51.4128001818361,781.4428571428572,0.13289463269536214
0.265136719,5.68359375,29.2109375,3.992675781,22.19726563,61.23269437810154,696.15625,0.5695737690906282
0.265136719,6.94921875,31.9765625,8.378417969,22.19726563,56.186968351725845,741.71875,0.3034885294824857
0.834472656,5.68359375,31.9765625,8.378417969,22.19726563,175.81488805111172,766.875,2.7414126724594223
0.834472656,6.94921875,29.2109375,8.378417969,22.19726563,180.13052309965215,770.125,5.585669785629471
0.834472656,6.94921875,31.9765625,3.992675781,22.19726563,161.77791671567053,786.75,3.4399623345442634
0.834472656,6.94921875,31.9765625,8.378417969,46.98242188,220.2064615355166,833.875,3.5551743997717584
0.834472656,6.94921875,31.9765625,8.378417969,22.19726563,161.77791671567053,786.75,3.4399623345442634
0.765136719,9.68359375,5.2109375,8.492675781,76.98242188,133.9822084363401,873.6944444444445,6.036990476294096
0.334472656,9.68359375,5.2109375,8.492675781,76.98242188,58.516547851692664,694.9215686274509,3.29836527134194
0.765136719,2.94921875,5.2109375,8.492675781,76.98242188,156.64462365522775,866.6666666666666,6.537574542583688
0.765136719,9.68359375,7.9765625,8.492675781,76.98242188,117.87482889727022,906.9444444444445,1.0342559499906825
0.765136719,9.68359375,5.2109375,3.878417969,76.98242188,133.9822084363401,873.6944444444445,6.036990476294096
0.765136719,9.68359375,5.2109375,8.492675781,52.19726563,149.9380762002802,864.5833333333334,7.445882225137476
0.765136719,2.94921875,7.9765625,3.878417969,52.19726563,178.9052129191804,860.2083333333334,8.237291657519982
0.334472656,9.68359375,7.9765625,3.878417969,52.19726563,43.069082039023094,899.3,0.6618738896250006
0.334472656,2.94921875,5.2109375,3.878417969,52.19726563,59.08469108017179,753.2571428571429,1.4479470190762267
0.334472656,2.94921875,7.9765625,8.492675781,52.19726563,51.29553373494146,874.1571428571428,0.6714790263939481
0.334472656,2.94921875,7.9765625,3.878417969,76.98242188,46.66966572448937,899.5784313725491,1.1601606849156147
0.334472656,2.94921875,7.9765625,3.878417969,52.19726563,51.29553373494146,874.1571428571428,0.6714790263939481
0.515136719,3.68359375,41.2109375,1.742675781,61.98242188,110.1070082041193,837.5666666666667,0.38240975649386205
0.084472656,3.68359375,41.2109375,1.742675781,61.98242188,19.608494255496876,525.7543859649123,0.04280968119211672
0.515136719,8.94921875,41.2109375,1.742675781,61.98242188,111.54619162921485,821.5333333333333,0.28878616163492093
0.515136719,3.68359375,19.9765625,1.742675781,61.98242188,107.95510540202585,831.8833333333333,0.7153418681137338
0.515136719,3.68359375,41.2109375,1.628417969,61.98242188,110.1070082041193,837.5666666666667,0.38240975649386205
0.515136719,3.68359375,41.2109375,1.742675781,67.19726563,134.47625303095495,763.515625,0.8444008130878973
0.515136719,8.94921875,19.9765625,1.628417969,67.19726563,89.34903866956634,873.421875,0.5954933918688233
0.084472656,3.68359375,19.9765625,1.628417969,67.19726563,16.521363705328838,778.016393442623,0.015685181568121206
0.084472656,8.94921875,41.2109375,1.628417969,67.19726563,22.04627826688864,508.95081967213116,0.09768059518571656
0.084472656,8.94921875,19.9765625,1.742675781,67.19726563,15.71733942821503,808.1311475409836,0.02651826898829618
0.084472656,8.94921875,19.9765625,1.628417969,61.98242188,15.640927726309075,744.7982456140351,0.031810566354410624
0.084472656,8.94921875,19.9765625,1.628417969,67.19726563,15.71733942821503,808.1311475409836,0.02651826898829618
0.015136719,7.68359375,17.2109375,6.242675781,31.98242188,3.191891195797325e-16,355.90625,0.11980889130654654
0.584472656,7.68359375,17.2109375,6.242675781,31.98242188,119.10757968292273,842.8846153846154,1.299529903505261
0.015136719,4.94921875,17.2109375,6.242675781,31.98242188,0.0,503.28125,0.0022229776810844524
0.015136719,7.68359375,43.9765625,6.242675781,31.98242188,0.0,411.40625,0.3070684169587015
0.015136719,7.68359375,17.2109375,6.128417969,31.98242188,3.191891195797325e-16,355.90625,0.11980889130654654
0.015136719,7.68359375,17.2109375,6.242675781,37.19726563,5.3139450600377,765.9166666666666,0.014371745321231245
0.015136719,4.94921875,43.9765625,6.128417969,37.19726563,-0.8043915213737595,279.43055555555554,152.0195165167051
0.584472656,7.68359375,43.9765625,6.128417969,37.19726563,145.933212357885,773.9666666666667,0.877965987519777
0.584472656,4.94921875,17.2109375,6.128417969,37.19726563,129.39763818011787,833.7,0.9490047962449336
0.584472656,4.94921875,43.9765625,6.242675781,37.19726563,149.2083780382762,763.6333333333333,0.4388093120962583
0.584472656,4.94921875,43.9765625,6.128417969,31.98242188,146.9238520907494,752.6153846153846,0.8754708407473154
0.584472656,4.94921875,43.9765625,6.128417969,37.19726563,149.2083780382762,763.6333333333333,0.4388093120962583
0.011230469,4.33984375,29.7734375,1.215332031,60.81054688,3.3441806204543814,760.975,0.004478492620438852
0.432128906,4.33984375,29.7734375,1.215332031,60.81054688,89.77043213809134,811.2,0.25974337237995543
0.011230469,7.91796875,29.7734375,1.215332031,60.81054688,3.522672358164399,440.15,0.041675076595235894
0.011230469,4.33984375,47.5390625,1.215332031,60.81054688,4.342854007240643,327.21666666666664,0.22996415446417237
0.011230469,4.33984375,29.7734375,8.905761719,60.81054688,3.3441806204543814,760.975,0.004478492620438852
0.011230469,4.33984375,29.7734375,1.215332031,24.30664063,-4.070817756958907e-16,540.0,0.034138262011202965
0.011230469,7.91796875,47.5390625,8.905761719,24.30664063,1.4432899320127035e-15,447.4166666666667,2.0822194100926157
0.432128906,4.33984375,47.5390625,8.905761719,24.30664063,82.54057049756979,738.3928571428571,0.5513798623889243
0.432128906,7.91796875,29.7734375,8.905761719,24.30664063,79.79150767974866,811.2142857142857,0.48686294524169116
0.432128906,7.91796875,47.5390625,1.215332031,24.30664063,99.03779617507503,668.5,0.3262396361943179
0.432128906,7.91796875,47.5390625,8.905761719,60.81054688,101.64792419587837,762.4,0.2528118501354694
0.432128906,7.91796875,47.5390625,8.905761719,24.30664063,99.03779617507503,668.5,0.3262396361943179
0.511230469,8.33984375,5.7734375,5.715332031,30.81054688,83.23249728620834,850.8333333333334,2.4780337503102823
0.932128906,8.33984375,5.7734375,5.715332031,30.81054688,211.0248067032223,854.5,4.411444127103573
0.511230469,3.91796875,5.7734375,5.715332031,30.81054688,92.33712533180226,841.2,4.687127063114778
0.511230469,8.33984375,23.5390625,5.715332031,30.81054688,107.63816421058073,814.1,0.4859737339585688
0.511230469,8.33984375,5.7734375,4.405761719,30.81054688,83.23249728620834,850.8333333333334,2.4780337503102823
0.511230469,8.33984375,5.7734375,5.715332031,54.30664063,71.68626870656291,878.4423076923077,4.1435865664078495
0.511230469,3.91796875,23.5390625,4.405761719,54.30664063,111.30287920623157,829.6538461538462,0.3517365927353319
0.932128906,8.33984375,23.5390625,4.405761719,54.30664063,260.8935308256586,865.375,3.4850756390933544
0.932128906,3.91796875,5.7734375,4.405761719,54.30664063,224.74781708879638,877.75,4.031517287735851
0.932128906,3.91796875,23.5390625,5.715332031,54.30664063,304.5245702037607,837.0,5.109185925895396
0.932128906,3.91796875,23.5390625,4.405761719,30.81054688,201.60589761732518,814.25,4.831897958177408
0.932128906,3.91796875,23.5390625,4.405761719,54.30664063,304.5245702037607,837.0,5.109185925895396
0.761230469,2.33984375,41.7734375,3.465332031,45.81054688,202.14063797868582,823.9545454545455,0.9501095421561837
0.682128906,2.33984375,41.7734375,3.465332031,45.81054688,169.05543240721855,808.5333333333333,0.9479386866692285
0.761230469,9.91796875,41.7734375,3.465332031,45.81054688,184.26124249537645,820.5454545454545,1.847426141484631
0.761230469,2.33984375,11.5390625,3.465332031,45.81054688,186.3664684650838,851.5454545454545,4.672784124669298
0.761230469,2.33984375,41.7734375,2.155761719,45.81054688,202.14063797868582,823.9545454545455,0.9501095421561837
0.761230469,2.33984375,41.7734375,3.465332031,69.30664063,222.49133098419034,817.6875,1.4622968628718809
0.761230469,9.91796875,11.5390625,2.155761719,69.30664063,135.47685698045862,890.21875,2.9746472082615814
0.682128906,2.33984375,11.5390625,2.155761719,69.30664063,155.60853987965172,843.9090909090909,2.6658617247294623
0.682128906,9.91796875,41.7734375,2.155761719,69.30664063,149.36212633009364,849.0909090909091,0.6260622514019678
0.682128906,9.91796875,11.5390625,3.465332031,69.30664063,106.95011266472139,899.5,2.1669054215218386
0.682128906,9.91796875,11.5390625,2.155761719,45.81054688,133.59323351063202,855.3,2.0816960517545624
0.682128906,9.91796875,11.5390625,2.155761719,69.30664063,106.95011266472139,899.5,2.1669054215218386
0.261230469,6.33984375,17.7734375,7.965332031,75.81054688,44.14024727235004,824.9464285714286,0.14629372410838445
0.182128906,6.33984375,17.7734375,7.965332031,75.81054688,30.484376814397038,844.9274193548387,0.07253717468513012
0.261230469,5.91796875,17.7734375,7.965332031,75.81054688,44.14024727235004,824.9464285714286,0.14629372410838445
0.261230469,6.33984375,35.5390625,7.965332031,75.81054688,51.97300473923719,782.8482142857143,0.07604211523928427
0.261230469,6.33984375,17.7734375,6.655761719,75.81054688,44.14024727235004,824.9464285714286,0.14629372410838445
0.261230469,6.33984375,17.7734375,7.965332031,39.30664063,46.57585050228384,839.7241379310345,0.1596945209086506
0.261230469,5.91796875,35.5390625,6.655761719,39.30664063,52.85084382656958,783.0689655172414,0.15385423182235888
0.182128906,6.33984375,35.5390625,6.655761719,39.30664063,36.048635492216114,789.34375,0.05708289300196665
0.182128906,5.91796875,17.7734375,6.655761719,39.30664063,34.429064313620316,815.71875,0.10301367771026602
0.182128906,5.91796875,35.5390625,7.965332031,39.30664063,36.048635492216114,789.34375,0.05708289300196665
0.182128906,5.91796875,35.5390625,6.655761719,75.81054688,35.2080037122852,780.1935483870968,0.042776466732323916
0.182128906,5.91796875,35.5390625,6.655761719,39.30664063,36.048635492216114,789.34375,0.05708289300196665
0.386230469,3.33984375,11.7734375,9.090332031,68.31054688,67.74887511145972,845.4404761904761,0.4931131232052301
0.307128906,3.33984375,11.7734375,9.090332031,68.31054688,50.35413473464512,863.2021276595744,0.35844204442071453
0.386230469,8.91796875,11.7734375,9.090332031,68.31054688,53.9481785339119,894.8690476190476,1.0161851690452741
0.386230469,3.33984375,5.5390625,9.090332031,68.31054688,59.45374502711407,855.5952380952381,1.1072805026222374
0.386230469,3.33984375,11.7734375,1.030761719,68.31054688,67.74887511145972,845.4404761904761,0.4931131232052301
0.386230469,3.33984375,11.7734375,9.090332031,61.80664063,68.56452899119441,851.6184210526316,0.881673945083918
0.386230469,8.91796875,5.5390625,1.030761719,61.80664063,48.45119860959733,883.4342105263158,2.2559039232277875
0.307128906,3.33984375,5.5390625,1.030761719,61.80664063,46.0188158963713,870.4651162790698,1.2074075447240007
0.307128906,8.91796875,11.7734375,1.030761719,61.80664063,43.131216303214885,908.2325581395348,0.9033474301175064
0.307128906,8.91796875,5.5390625,9.090332031,61.80664063,36.83888467108252,902.7325581395348,1.4764003004134647
0.307128906,8.91796875,5.5390625,1.030761719,68.31054688,36.63958797446205,893.8510638297872,0.8554786309853302
0.307128906,8.91796875,5.5390625,1.030761719,61.80664063,36.83888467108252,902.7325581395348,1.4764003004134647
0.886230469,7.33984375,35.7734375,4.590332031,38.31054688,220.95717320545046,791.0,2.547868377293479
0.807128906,7.33984375,35.7734375,4.590332031,38.31054688,241.96363930381335,783.5714285714286,1.8894437800346071
0.886230469,4.91796875,35.7734375,4.590332031,38.31054688,280.21085223144956,760.75,3.864334389410503
0.886230469,7.33984375,29.5390625,4.590332031,38.31054688,254.58817281805776,818.125,3.013718560603359
0.886230469,7.33984375,35.7734375,5.530761719,38.31054688,220.95717320545046,791.0,2.547868377293479
0.886230469,7.33984375,35.7734375,4.590332031,31.80664063,250.91788167769693,765.625,4.2484174623380415
0.886230469,4.91796875,29.5390625,5.530761719,31.80664063,232.37566148215944,785.25,3.174642467901501
0.807128906,7.33984375,29.5390625,5.530761719,31.80664063,239.42360257184953,771.75,2.851794101508377
0.807128906,4.91796875,35.7734375,5.530761719,31.80664063,213.30104978187012,783.75,3.453086139899178
0.807128906,4.91796875,29.5390625,4.590332031,31.80664063,213.81165301419614,810.5,3.250539658884378
0.807128906,4.91796875,29.5390625,5.530761719,38.31054688,236.22108481654206,799.7142857142857,2.7511989292978254
0.807128906,4.91796875,29.5390625,5.530761719,31.80664063,213.81165301419614,810.5,3.250539658884378
0.636230469,5.33984375,23.7734375,6.840332031,23.31054688,143.28586059986736,798.75,0.9458124799223315
0.557128906,5.33984375,23.7734375,6.840332031,23.31054688,118.77789558282454,786.35,2.5048307743455527
0.636230469,6.91796875,23.7734375,6.840332031,23.31054688,130.32119238170355,811.9375,1.3491768828693378
0.636230469,5.33984375,41.5390625,6.840332031,23.31054688,128.3692845207987,729.5,0.8681757968700875
0.636230469,5.33984375,23.7734375,7.780761719,23.31054688,143.28586059986736,798.75,0.9458124799223315
0.636230469,5.33984375,23.7734375,6.840332031,46.80664063,149.70465504338304,832.7647058823529,1.050754687679968
0.636230469,6.91796875,41.5390625,7.780761719,46.80664063,146.0519500902548,818.8529411764706,0.44980664996177
0.557128906,5.33984375,41.5390625,7.780761719,46.80664063,129.47427197017504,792.952380952381,0.3507585892516394
0.557128906,6.91796875,23.7734375,7.780761719,46.80664063,122.22212865901149,817.452380952381,1.3054951463764637
0.557128906,6.91796875,41.5390625,6.840332031,46.80664063,127.82809034299228,806.6666666666666,0.20837603016873013
0.557128906,6.91796875,41.5390625,7.780761719,23.31054688,93.53706979826394,789.1,1.1103619820878818
0.557128906,6.91796875,41.5390625,7.780761719,46.80664063,127.82809034299228,806.6666666666666,0.20837603016873013
0.136230469,9.33984375,47.7734375,2.340332031,53.31054688,32.905612971116305,597.2608695652174,0.0674832707119043
0.057128906,9.33984375,47.7734375,2.340332031,53.31054688,13.42617606104513,542.84,0.051102567645133413
0.136230469,2.91796875,47.7734375,2.340332031,53.31054688,37.10843411994742,373.7608695652174,0.6939474408886925
0.136230469,9.33984375,17.5390625,2.340332031,53.31054688,23.907367295169077,802.6195652173913,0.06733529906090062
0.136230469,9.33984375,47.7734375,3.280761719,53.31054688,32.905612971116305,597.2608695652174,0.0674832707119043
0.136230469,9.33984375,47.7734375,2.340332031,76.80664063,37.80829335677431,361.7686567164179,0.2428205100791994
0.136230469,2.91796875,17.5390625,3.280761719,76.80664063,24.169165657940773,771.0895522388059,0.06524269665390649
0.057128906,9.33984375,17.5390625,3.280761719,76.80664063,8.671666453141526,839.0958904109589,0.02283342950744199
0.057128906,2.91796875,47.7734375,3.280761719,76.80664063,13.390614223650786,433.6849315068493,0.10853460261657331
0.057128906,2.91796875,17.5390625,2.340332031,76.80664063,9.57972732161028,819.7602739726027,0.014743967618791775
0.057128906,2.91796875,17.5390625,3.280761719,53.31054688,10.943405425519389,765.41,0.018372342358492433
0.057128906,2.91796875,17.5390625,3.280761719,76.80664063,9.57972732161028,819.7602739726027,0.014743967618791775
0.198730469,2.83984375,20.7734375,5.152832031,34.56054688,45.23105424721768,706.9821428571429,0.11892123871727038
0.244628906,2.83984375,20.7734375,5.152832031,34.56054688,59.45337073789723,699.5384615384615,0.4942117732366113
0.198730469,8.41796875,20.7734375,5.152832031,34.56054688,50.38634718316894,569.25,0.24206258718853946
0.198730469,2.83984375,2.5390625,5.152832031,34.56054688,37.16121807940918,727.4285714285714,2.984414477628554
0.198730469,2.83984375,20.7734375,1.593261719,34.56054688,45.23105424721768,706.9821428571429,0.11892123871727038
0.198730469,2.83984375,20.7734375,5.152832031,35.55664063,40.253129353616266,783.5172413793103,0.3099700764705678
0.198730469,8.41796875,2.5390625,1.593261719,35.55664063,31.32417990733428,703.0689655172414,2.9934818861491674
0.244628906,2.83984375,2.5390625,1.593261719,35.55664063,42.64300125548006,773.1666666666666,1.5062271017839355
0.244628906,8.41796875,20.7734375,1.593261719,35.55664063,46.589080599843335,828.7777777777778,0.14685175686773447
0.244628906,8.41796875,2.5390625,5.152832031,35.55664063,37.95313457046846,735.925925925926,12.654229916627383
0.244628906,8.41796875,2.5390625,1.593261719,34.56054688,40.26854130114149,736.1538461538462,3.007016093935272
0.244628906,8.41796875,2.5390625,1.593261719,35.55664063,37.95313457046846,735.925925925926,12.654229916627383
0.698730469,6.83984375,44.7734375,9.652832031,64.56054688,149.44440316166433,856.15,1.0369069685625052
0.744628906,6.83984375,44.7734375,9.652832031,64.56054688,198.7851697671581,817.6176470588235,0.7522815364707297
0.698730469,4.41796875,44.7734375,9.652832031,64.56054688,179.15043353871624,832.675,1.5399394320813589
0.698730469,6.83984375,26.5390625,9.652832031,64.56054688,144.06901288062483,865.125,1.3431812731496944
0.698730469,6.83984375,44.7734375,6.093261719,64.56054688,149.44440316166433,856.15,1.0369069685625052
0.698730469,6.83984375,44.7734375,9.652832031,65.55664063,176.23560655441207,829.6,1.8249639335030605
0.698730469,4.41796875,26.5390625,6.093261719,65.55664063,154.3689980676448,855.25,1.1694540793642396
0.744628906,6.83984375,26.5390625,6.093261719,65.55664063,166.63989464429045,862.5588235294117,0.9623255349834975
0.744628906,4.41796875,44.7734375,6.093261719,65.55664063,183.2282255785337,842.6470588235294,1.0905225580443014
0.744628906,4.41796875,26.5390625,9.652832031,65.55664063,164.44872281223522,868.5588235294117,2.3021161824294167
0.744628906,4.41796875,26.5390625,6.093261719,64.56054688,194.07067681026328,839.2058823529412,2.7049232474203158
0.744628906,4.41796875,26.5390625,6.093261719,65.55664063,164.44872281223522,868.5588235294117,2.3021161824294167
0.948730469,4.83984375,8.7734375,2.902832031,79.56054688,229.95771648236152,896.625,9.569972136047214
0.994628906,4.83984375,8.7734375,2.902832031,79.56054688,0,0,8.037964106285534
0.948730469,6.41796875,8.7734375,2.902832031,79.56054688,267.13360460698004,889.75,10.483342282341889
0.948730469,4.83984375,38.5390625,2.902832031,79.56054688,296.34862268446346,855.25,4.660106190895829
0.948730469,4.83984375,8.7734375,8.343261719,79.56054688,229.95771648236152,896.625,9.569972136047214
0.948730469,4.83984375,8.7734375,2.902832031,50.55664063,279.17376877273045,865.0,9.248501180998096
0.948730469,6.41796875,38.5390625,8.343261719,50.55664063,309.6885044441523,804.5,6.061760234245308
0.994628906,4.83984375,38.5390625,8.343261719,50.55664063,0,0,3.3301811561329204
0.994628906,6.41796875,8.7734375,8.343261719,50.55664063,0,0,4.528027438536714
0.994628906,6.41796875,38.5390625,2.902832031,50.55664063,0,0,6.3361874023307045
0.994628906,6.41796875,38.5390625,8.343261719,79.56054688,0,0,7.019308258571776
0.994628906,6.41796875,38.5390625,8.343261719,50.55664063,0,0,6.3361874023307045
0.448730469,8.83984375,32.7734375,7.402832031,49.56054688,106.8194512101497,750.3035714285714,0.5106520883327206
0.494628906,8.83984375,32.7734375,7.402832031,49.56054688,99.32332294411135,839.2,0.6871461290779624
0.448730469,2.41796875,32.7734375,7.402832031,49.56054688,108.29371850563516,756.2857142857143,0.2869040083070241
0.448730469,8.83984375,14.5390625,7.402832031,49.56054688,70.78561410314772,877.2142857142857,0.6594851054209844
0.448730469,8.83984375,32.7734375,3.843261719,49.56054688,106.8194512101497,750.3035714285714,0.5106520883327206
0.448730469,8.83984375,32.7734375,7.402832031,20.55664063,85.4242530175657,746.375,0.5242406712425342
0.448730469,2.41796875,14.5390625,3.843261719,20.55664063,102.75604641297048,741.9583333333334,1.379054673172841
0.494628906,8.83984375,14.5390625,3.843261719,20.55664063,88.30173183159987,828.4545454545455,0.7350274394222963
0.494628906,2.41796875,32.7734375,3.843261719,20.55664063,110.45661453504803,717.3181818181819,0.48400624157346617
0.494628906,2.41796875,14.5390625,7.402832031,20.55664063,113.48867170446302,732.2727272727273,1.9726585453518215
0.494628906,2.41796875,14.5390625,3.843261719,49.56054688,112.86523957542482,794.76,1.2752125040762625
0.494628906,2.41796875,14.5390625,3.843261719,20.55664063,113.48867170446302,732.2727272727273,1.9726585453518215
0.323730469,5.83984375,38.7734375,6.277832031,42.06054688,90.73211990993934,610.0892857142857,0.5219158824117951
0.119628906,5.83984375,38.7734375,6.277832031,42.06054688,23.19354035675811,786.7162162162163,0.03310202765572507
0.323730469,7.41796875,38.7734375,6.277832031,42.06054688,71.96576752456276,793.0357142857143,0.08895627308344083
0.323730469,5.83984375,44.5390625,6.277832031,42.06054688,69.12371047191459,798.7321428571429,0.1080288380394353
0.323730469,5.83984375,38.7734375,9.468261719,42.06054688,90.73211990993934,610.0892857142857,0.5219158824117951
0.323730469,5.83984375,38.7734375,6.277832031,73.05664063,64.06464972175337,816.5510204081633,0.08000920224646658
0.323730469,7.41796875,44.5390625,9.468261719,73.05664063,93.17849781261324,587.6530612244898,0.26469877579012996
0.119628906,5.83984375,44.5390625,9.468261719,73.05664063,32.38961370485047,471.140625,0.1114932209746065
0.119628906,7.41796875,38.7734375,9.468261719,73.05664063,29.444896328492216,567.28125,0.05726513470326086
0.119628906,7.41796875,44.5390625,6.277832031,73.05664063,35.95413652842646,325.5078125,0.40761861401575405
0.119628906,7.41796875,44.5390625,9.468261719,42.06054688,25.90517337982147,721.8648648648649,0.014176475168306515
0.119628906,7.41796875,44.5390625,9.468261719,73.05664063,35.95413652842646,325.5078125,0.40761861401575405
0.823730469,9.83984375,14.7734375,1.777832031,72.06054688,162.43215591704774,900.5,2.1877482700120545
0.619628906,9.83984375,14.7734375,1.777832031,72.06054688,102.00839064840238,893.1851851851852,2.114791036908307
0.823730469,3.41796875,14.7734375,1.777832031,72.06054688,191.17063834181667,871.8461538461538,3.4295303808802493
0.823730469,9.83984375,20.5390625,1.777832031,72.06054688,166.80625770442782,892.0769230769231,1.9816119372903653
0.823730469,9.83984375,14.7734375,4.968261719,72.06054688,162.43215591704774,900.5,2.1877482700120545
0.823730469,9.83984375,14.7734375,1.777832031,43.05664063,194.83076001474979,851.3125,6.489519893393038
0.823730469,3.41796875,20.5390625,4.968261719,43.05664063,230.97049389602597,821.3125,2.534415287457563
0.619628906,9.83984375,20.5390625,4.968261719,43.05664063,132.78692833273365,847.1875,0.82832252944278
0.619628906,3.41796875,14.7734375,4.968261719,43.05664063,151.17688293820325,822.875,2.3490575625772063
0.619628906,3.41796875,20.5390625,1.777832031,43.05664063,150.28719371350059,822.25,2.017573480689354
0.619628906,3.41796875,20.5390625,4.968261719,72.06054688,136.62503611149657,847.1666666666666,1.0157560911606818
0.619628906,3.41796875,20.5390625,4.968261719,43.05664063,150.28719371350059,822.25,2.017573480689354
0.573730469,3.83984375,26.7734375,8.527832031,57.06054688,121.2844996226694,848.9583333333334,0.5381650489059757
0.869628906,3.83984375,26.7734375,8.527832031,57.06054688,269.4973856377836,839.0714285714286,8.606107322322128
0.573730469,9.41796875,26.7734375,8.527832031,57.06054688,100.2849626755956,889.1666666666666,0.5768092390823826
0.573730469,3.83984375,8.5390625,8.527832031,57.06054688,103.6733918063508,875.875,1.5079943083216112
0.573730469,3.83984375,26.7734375,2.718261719,57.06054688,121.2844996226694,848.9583333333334,0.5381650489059757
0.573730469,3.83984375,26.7734375,8.527832031,28.05664063,122.98111445914999,809.2916666666666,0.7727231490353292
0.573730469,9.41796875,8.5390625,2.718261719,28.05664063,94.01924541140495,876.2916666666666,2.1157991280405044
0.869628906,3.83984375,8.5390625,2.718261719,28.05664063,198.3670600875429,845.5,3.198393714569936
0.869628906,9.41796875,26.7734375,2.718261719,28.05664063,248.52619033108684,771.375,2.778334922650066
0.869628906,9.41796875,8.5390625,8.527832031,28.05664063,200.1324127823052,834.25,4.339323406345475
0.869628906,9.41796875,8.5390625,2.718261719,57.06054688,167.72656129848318,894.2857142857143,6.941606652898497
0.869628906,9.41796875,8.5390625,2.718261719,28.05664063,200.1324127823052,834.25,4.339323406345475
0.073730469,7.83984375,2.7734375,4.027832031,27.06054688,27.733526916395213,638.0,1816.3604393734506
0.369628906,7.83984375,2.7734375,4.027832031,27.06054688,61.61796648007521,736.6176470588235,2.5291229889416607
0.073730469,5.41796875,2.7734375,4.027832031,27.06054688,14.042168936737978,578.88,8.811352183292483
0.073730469,7.83984375,32.5390625,4.027832031,27.06054688,17.933384858041943,556.94,0.6377491830067059
0.073730469,7.83984375,2.7734375,7.218261719,27.06054688,27.733526916395213,638.0,1816.3604393734506
0.073730469,7.83984375,2.7734375,4.027832031,58.05664063,11.595181370197137,650.925925925926,5.3144993869072135
0.073730469,5.41796875,32.5390625,7.218261719,58.05664063,13.847914140951776,728.6574074074074,0.028743986359762864
0.369628906,7.83984375,32.5390625,7.218261719,58.05664063,89.3631853005584,686.1486486486486,0.2556482025805447
0.369628906,5.41796875,2.7734375,7.218261719,58.05664063,50.587672437882276,815.0,11.400583988169654
0.369628906,5.41796875,32.5390625,4.027832031,58.05664063,60.46753350370816,893.5675675675676,0.13608172062595908
0.369628906,5.41796875,32.5390625,7.218261719,27.06054688,91.94575851142538,723.5,0.6130999201533727
0.369628906,5.41796875,32.5390625,7.218261719,58.05664063,60.46753350370816,893.5675675675676,0.13608172062595908
0.104980469,3.58984375,46.2734375,7.121582031,73.93554688,29.543973334978602,445.22727272727275,0.1831244382159756
0.588378906,3.58984375,46.2734375,7.121582031,73.93554688,135.38913832487384,831.3166666666667,0.34847283823061215
0.104980469,3.66796875,46.2734375,7.121582031,73.93554688,29.543973334978602,445.22727272727275,0.1831244382159756
0.104980469,3.58984375,10.0390625,7.121582031,73.93554688,16.62292451566544,883.1515151515151,0.14438326517520522
0.104980469,3.58984375,46.2734375,6.374511719,73.93554688,29.543973334978602,445.22727272727275,0.1831244382159756
0.104980469,3.58984375,46.2734375,7.121582031,33.68164063,28.243099521567874,619.95,0.18580438822378548
0.104980469,3.66796875,10.0390625,6.374511719,33.68164063,20.877171202074393,834.0333333333333,0.24116027506797705
0.588378906,3.58984375,10.0390625,6.374511719,33.68164063,112.20794729434601,862.7142857142857,1.2749288040195053
0.588378906,3.66796875,46.2734375,6.374511719,33.68164063,142.77953146283508,775.4285714285714,0.25946311565268465
0.588378906,3.66796875,10.0390625,7.121582031,33.68164063,112.20794729434601,862.7142857142857,1.2749288040195053
0.588378906,3.66796875,10.0390625,6.374511719,73.93554688,103.23746866442164,876.2666666666667,2.580442270812787
0.588378906,3.66796875,10.0390625,6.374511719,33.68164063,112.20794729434601,862.7142857142857,1.2749288040195053
0.604980469,7.58984375,22.2734375,2.621582031,43.93554688,133.32660290151546,820.6764705882352,1.4200268343060556
0.088378906,7.58984375,22.2734375,2.621582031,43.93554688,22.919734569213567,437.425,0.5048836760732627
0.604980469,7.66796875,22.2734375,2.621582031,43.93554688,133.32660290151546,820.6764705882352,1.4200268343060556
0.604980469,7.58984375,34.0390625,2.621582031,43.93554688,153.23350534534333,772.8823529411765,1.8587745837919296
0.604980469,7.58984375,22.2734375,1.874511719,43.93554688,133.32660290151546,820.6764705882352,1.4200268343060556
0.604980469,7.58984375,22.2734375,2.621582031,63.68164063,116.60868233168355,856.48,0.6902399955830536
0.604980469,7.66796875,34.0390625,1.874511719,63.68164063,139.37977916577728,829.42,0.45897004217763965
0.088378906,7.58984375,34.0390625,1.874511719,63.68164063,20.326889176231813,618.5603448275862,0.1274710120224935
0.088378906,7.66796875,22.2734375,1.874511719,63.68164063,17.52324236892326,763.1034482758621,0.06146584638712076
0.088378906,7.66796875,34.0390625,2.621582031,63.68164063,20.326889176231813,618.5603448275862,0.1274710120224935
0.088378906,7.66796875,34.0390625,1.874511719,43.93554688,18.110768689830287,757.05,0.06540895887107771
0.088378906,7.66796875,34.0390625,1.874511719,63.68164063,20.326889176231813,618.5603448275862,0.1274710120224935
0.854980469,5.58984375,34.2734375,9.371582031,28.93554688,209.86346948889923,792.0,6.751849024382687
0.338378906,5.58984375,34.2734375,9.371582031,28.93554688,74.03746812729558,761.0263157894736,0.22036598933266704
0.854980469,5.66796875,34.2734375,9.371582031,28.93554688,209.86346948889923,792.0,6.751849024382687
0.854980469,5.58984375,46.0390625,9.371582031,28.93554688,191.1994017270295,768.125,12.540613638600876
0.854980469,5.58984375,34.2734375,4.124511719,28.93554688,209.86346948889923,792.0,6.751849024382687
0.854980469,5.58984375,34.2734375,9.371582031,78.68164063,257.64703092625683,857.0,2.39989847151108
0.854980469,5.66796875,46.0390625,4.124511719,78.68164063,258.8890304629818,843.6818181818181,1.8397005854006778
0.338378906,5.58984375,46.0390625,4.124511719,78.68164063,71.42072827395106,781.5,0.1570341757278745
0.338378906,5.66796875,34.2734375,4.124511719,78.68164063,84.7957801399659,672.7596153846154,0.17794492532875109
0.338378906,5.66796875,46.0390625,9.371582031,78.68164063,71.42072827395106,781.5,0.1570341757278745
0.338378906,5.66796875,46.0390625,4.124511719,28.93554688,78.13333162853614,710.6315789473684,0.19990267083517632
0.338378906,5.66796875,46.0390625,4.124511719,78.68164063,71.42072827395106,781.5,0.1570341757278745
0.354980469,9.58984375,10.2734375,4.871582031,58.93554688,51.69044349137278,874.0526315789474,0.6110991519897115
0.838378906,9.58984375,10.2734375,4.871582031,58.93554688,185.01113278590523,880.85,6.400710342306835
0.354980469,9.66796875,10.2734375,4.871582031,58.93554688,51.69044349137278,874.0526315789474,0.6110991519897115
0.354980469,9.58984375,22.0390625,4.871582031,58.93554688,58.617611032969116,861.6578947368421,0.29733241447515674
0.354980469,9.58984375,10.2734375,8.624511719,58.93554688,51.69044349137278,874.0526315789474,0.6110991519897115
0.354980469,9.58984375,10.2734375,4.871582031,48.68164063,51.57587881467125,888.25,0.38259239667207073
0.354980469,9.66796875,22.0390625,8.624511719,48.68164063,61.96373397927553,839.75,0.13965630315151195
0.838378906,9.58984375,22.0390625,8.624511719,48.68164063,221.89895850662853,838.8125,8.288834155843977
0.838378906,9.66796875,10.2734375,8.624511719,48.68164063,186.3929282124423,872.375,6.20611416797158
0.838378906,9.66796875,22.0390625,4.871582031,48.68164063,221.89895850662853,838.8125,8.288834155843977
0.838378906,9.66796875,22.0390625,8.624511719,58.93554688,211.35724585718717,858.55,3.8869270220818097
0.838378906,9.66796875,22.0390625,8.624511719,48.68164063,221.89895850662853,838.8125,8.288834155843977
0.479980469,4.58984375,16.2734375,3.746582031,51.43554688,92.11142269476592,837.6481481481482,1.0971180362464237
0.713378906,4.58984375,16.2734375,3.746582031,51.43554688,165.49367915682978,843.4666666666667,2.837260415969328
0.479980469,4.66796875,16.2734375,3.746582031,51.43554688,92.11142269476592,837.6481481481482,1.0971180362464237
0.479980469,4.58984375,40.0390625,3.746582031,51.43554688,109.211713488482,783.6481481481482,0.37161521028569316
0.479980469,4.58984375,16.2734375,5.249511719,51.43554688,92.11142269476592,837.6481481481482,1.0971180362464237
0.479980469,4.58984375,16.2734375,3.746582031,56.18164063,82.53274674588904,875.6034482758621,0.9840767886493255
0.479980469,4.66796875,40.0390625,5.249511719,56.18164063,107.05837899261206,822.4655172413793,0.21166498873822592
0.713378906,4.58984375,40.0390625,5.249511719,56.18164063,175.01761252360546,835.5,0.7797537576935853
0.713378906,4.66796875,16.2734375,5.249511719,56.18164063,150.76828146170274,867.5625,1.9318466961523306
0.713378906,4.66796875,40.0390625,3.746582031,56.18164063,175.01761252360546,835.5,0.7797537576935853
0.713378906,4.66796875,40.0390625,5.249511719,51.43554688,175.02300977425384,824.2333333333333,0.76952961317249
0.713378906,4.66796875,40.0390625,5.249511719,56.18164063,175.01761252360546,835.5,0.7797537576935853
0.979980469,8.58984375,40.2734375,8.246582031,21.43554688,0,0,11.917460371820079
0.213378906,8.58984375,40.2734375,8.246582031,21.43554688,39.23255177398707,561.9117647058823,2.2111963612026484
0.979980469,8.66796875,40.2734375,8.246582031,21.43554688,0,0,11.917460371820079
0.979980469,8.58984375,16.0390625,8.246582031,21.43554688,0,0,6.730930981472035
0.979980469,8.58984375,40.2734375,9.749511719,21.43554688,0,0,11.917460371820079
0.979980469,8.58984375,40.2734375,8.246582031,26.18164063,184.5244374548398,766.5,11.86827064802845
0.979980469,8.66796875,16.0390625,9.749511719,26.18164063,197.8451740735399,842.5,4.631873196295994
0.213378906,8.58984375,16.0390625,9.749511719,26.18164063,43.27668292819382,811.5,0.43845757001905883
0.213378906,8.66796875,40.2734375,9.749511719,26.18164063,54.75250691220513,592.325,0.5438791863259933
0.213378906,8.66796875,16.0390625,8.246582031,26.18164063,43.27668292819382,811.5,0.43845757001905883
0.213378906,8.66796875,16.0390625,9.749511719,21.43554688,34.67629834011081,831.8235294117648,0.749590024974193
0.213378906,8.66796875,16.0390625,9.749511719,26.18164063,43.27668292819382,811.5,0.43845757001905883
0.729980469,2.58984375,4.2734375,1.496582031,36.43554688,167.22229616489903,839.75,6.210316417831943
0.463378906,2.58984375,4.2734375,1.496582031,36.43554688,91.76661217199369,809.5526315789474,2.120567427511097
0.729980469,2.66796875,4.2734375,1.496582031,36.43554688,167.22229616489903,839.75,6.210316417831943
0.729980469,2.58984375,4.0390625,1.496582031,36.43554688,167.22229616489903,839.75,6.210316417831943
0.729980469,2.58984375,4.2734375,7.499511719,36.43554688,167.22229616489903,839.75,6.210316417831943
0.729980469,2.58984375,4.2734375,1.496582031,41.18164063,167.24771531826926,831.5909090909091,2.781638015622258
0.729980469,2.66796875,4.0390625,7.499511719,41.18164063,167.24771531826926,831.5909090909091,2.781638015622258
0.463378906,2.58984375,4.0390625,7.499511719,41.18164063,84.85953859448757,805.1818181818181,5.24007982476141
0.463378906,2.66796875,4.2734375,7.499511719,41.18164063,84.85953859448757,805.1818181818181,5.24007982476141
0.463378906,2.66796875,4.0390625,1.496582031,41.18164063,84.85953859448757,805.1818181818181,5.24007982476141
0.463378906,2.66796875,4.0390625,7.499511719,36.43554688,91.76661217199369,809.5526315789474,2.120567427511097
0.463378906,2.66796875,4.0390625,7.499511719,41.18164063,84.85953859448757,805.1818181818181,5.24007982476141
0.229980469,6.58984375,28.2734375,5.996582031,66.43554688,47.80154492812758,737.0392156862745,0.22382743365750313
0.963378906,6.58984375,28.2734375,5.996582031,66.43554688,362.8417300011214,841.25,5.821085698101659
0.229980469,6.66796875,28.2734375,5.996582031,66.43554688,47.80154492812758,737.0392156862745,0.22382743365750313
0.229980469,6.58984375,28.0390625,5.996582031,66.43554688,47.80154492812758,737.0392156862745,0.22382743365750313
0.229980469,6.58984375,28.2734375,2.999511719,66.43554688,47.80154492812758,737.0392156862745,0.22382743365750313
0.229980469,6.58984375,28.2734375,5.996582031,71.18164063,43.382093903842396,759.8727272727273,0.1400268279654833
0.229980469,6.66796875,28.0390625,2.999511719,71.18164063,43.382093903842396,759.8727272727273,0.1400268279654833
0.963378906,6.58984375,28.0390625,2.999511719,71.18164063,260.2412933171705,872.0,3.9619759013542417
0.963378906,6.66796875,28.2734375,2.999511719,71.18164063,260.2412933171705,872.0,3.9619759013542417
0.963378906,6.66796875,28.0390625,5.996582031,71.18164063,260.2412933171705,872.0,3.9619759013542417
0.963378906,6.66796875,28.0390625,2.999511719,66.43554688,362.8417300011214,841.25,5.821085698101659
0.963378906,6.66796875,28.0390625,2.999511719,71.18164063,260.2412933171705,872.0,3.9619759013542417
0.167480469,5.08984375,7.2734375,8.809082031,47.68554688,24.753198482475653,895.6625,0.41368929388536724
0.775878906,5.08984375,7.2734375,8.809082031,47.68554688,163.8185136572983,859.0,4.628999146534923
0.167480469,4.16796875,7.2734375,8.809082031,47.68554688,25.320151748363934,903.1625,0.3378981937871563
0.167480469,5.08984375,43.0390625,8.809082031,47.68554688,36.91486278680984,739.575,0.04360564304890489
0.167480469,5.08984375,7.2734375,4.687011719,47.68554688,24.753198482475653,895.6625,0.41368929388536724
0.167480469,5.08984375,7.2734375,8.809082031,44.93164063,25.513123910841784,894.0135135135135,0.2909636616369928
0.167480469,4.16796875,43.0390625,4.687011719,44.93164063,36.148429524143005,798.5945945945946,0.031963666732079885
0.775878906,5.08984375,43.0390625,4.687011719,44.93164063,204.14082569648457,809.25,1.5173622475402913
0.775878906,4.16796875,7.2734375,4.687011719,44.93164063,153.88538214853594,874.95,5.16771194872236
0.775878906,4.16796875,43.0390625,8.809082031,44.93164063,198.50194524096037,833.0,1.6638716752676435
0.775878906,4.16796875,43.0390625,4.687011719,47.68554688,189.5206452357171,824.2272727272727,1.3671357733208118
0.775878906,4.16796875,43.0390625,4.687011719,44.93164063,198.50194524096037,833.0,1.6638716752676435
0.667480469,9.08984375,31.2734375,4.309082031,77.68554688,150.07390889216092,842.9807692307693,1.6132621806196663
0.275878906,9.08984375,31.2734375,4.309082031,77.68554688,60.880756970855295,712.4017857142857,0.12576609473282627
0.667480469,8.16796875,31.2734375,4.309082031,77.68554688,143.79021339855737,861.4807692307693,1.650221374857594
0.667480469,9.08984375,19.0390625,4.309082031,77.68554688,127.41825180257999,875.5961538461538,2.345616959761264
0.667480469,9.08984375,31.2734375,9.187011719,77.68554688,150.07390889216092,842.9807692307693,1.6132621806196663
0.667480469,9.08984375,31.2734375,4.309082031,74.93164063,143.18103916224746,856.1,0.9441730931086857
0.667480469,8.16796875,19.0390625,9.187011719,74.93164063,134.6916092175631,862.3,6.753438788702622
0.275878906,9.08984375,19.0390625,9.187011719,74.93164063,45.49355376722955,855.5092592592592,0.11686417192701429
0.275878906,8.16796875,31.2734375,9.187011719,74.93164063,58.73522128305443,746.4351851851852,0.06131354502348362
0.275878906,8.16796875,19.0390625,4.309082031,74.93164063,43.060851072430395,867.6666666666666,0.11229385076926977
0.275878906,8.16796875,19.0390625,9.187011719,77.68554688,47.103255919656945,842.3660714285714,0.12413033003756122
0.275878906,8.16796875,19.0390625,9.187011719,74.93164063,43.060851072430395,867.6666666666666,0.11229385076926977
0.917480469,3.08984375,19.2734375,6.559082031,62.68554688,265.43414768821225,869.1,8.686981591728317
0.025878906,3.08984375,19.2734375,6.559082031,62.68554688,7.2469679197617065,433.8606557377049,0.06387930601386063
0.917480469,2.16796875,19.2734375,6.559082031,62.68554688,281.74699762826333,860.8,8.25799506212101
0.917480469,3.08984375,7.0390625,6.559082031,62.68554688,222.6278702714385,884.1,8.033472031610069
0.917480469,3.08984375,19.2734375,6.937011719,62.68554688,265.43414768821225,869.1,8.686981591728317
0.917480469,3.08984375,19.2734375,6.559082031,59.93164063,286.3586347235759,852.1,5.8295345984260365
0.917480469,2.16796875,7.0390625,6.937011719,59.93164063,249.6363216576413,876.5,10.339039200601537
0.025878906,3.08984375,7.0390625,6.937011719,59.93164063,6.200528662698199,823.2155172413793,0.029152754964087365
0.025878906,2.16796875,19.2734375,6.937011719,59.93164063,6.54593253914783,689.6465517241379,0.007092267818990404
0.025878906,2.16796875,7.0390625,6.559082031,59.93164063,6.057023284566952,792.9310344827586,0.04402837529237771
0.025878906,2.16796875,7.0390625,6.937011719,62.68554688,5.9670994108132405,787.3032786885246,0.0264031329779462
0.025878906,2.16796875,7.0390625,6.937011719,59.93164063,6.057023284566952,792.9310344827586,0.04402837529237771
0.417480469,7.08984375,43.2734375,2.059082031,32.68554688,97.19153938789461,771.421052631579,0.14708624626813752
0.525878906,7.08984375,43.2734375,2.059082031,32.68554688,120.35065758855498,770.125,0.2837105244591999
0.417480469,6.16796875,43.2734375,2.059082031,32.68554688,87.2288422052636,800.2105263157895,0.23132256017178357
0.417480469,7.08984375,31.0390625,2.059082031,32.68554688,94.06505879275706,787.4736842105264,0.36477761774674294
0.417480469,7.08984375,43.2734375,2.437011719,32.68554688,97.19153938789461,771.421052631579,0.14708624626813752
0.417480469,7.08984375,43.2734375,2.059082031,29.93164063,91.64480032691932,784.2352941176471,0.28335251920094273
0.417480469,6.16796875,31.0390625,2.437011719,29.93164063,89.47313381508854,791.7941176470588,0.2895337567918173
0.525878906,7.08984375,31.0390625,2.437011719,29.93164063,104.58028060186757,829.6071428571429,0.9492234139709227
0.525878906,6.16796875,43.2734375,2.437011719,29.93164063,120.32072946054564,749.3928571428571,0.4382396761158888
0.525878906,6.16796875,31.0390625,2.059082031,29.93164063,108.3090892349782,812.75,0.5551646618731876
0.525878906,6.16796875,31.0390625,2.437011719,32.68554688,112.89860696587334,802.375,0.61432485839767
0.525878906,6.16796875,31.0390625,2.437011719,29.93164063,108.3090892349782,812.75,0.5551646618731876
0.292480469,2.08984375,37.2734375,3.184082031,25.18554688,64.92460217970768,689.1666666666666,0.4474678034569743
0.900878906,2.08984375,37.2734375,3.184082031,25.18554688,217.42738208744453,772.75,2.798882399270938
0.292480469,3.16796875,37.2734375,3.184082031,25.18554688,66.25174074270697,683.1944444444445,1.0222899408815034
0.292480469,2.08984375,13.0390625,3.184082031,25.18554688,58.47208118458544,776.7777777777778,0.9544643391297306
0.292480469,2.08984375,37.2734375,5.812011719,25.18554688,64.92460217970768,689.1666666666666,0.4474678034569743
0.292480469,2.08984375,37.2734375,3.184082031,67.43164063,64.82754164077913,757.4255319148937,0.0720008970993636
0.292480469,3.16796875,13.0390625,5.812011719,67.43164063,50.368570992881175,840.468085106383,0.1968507957018489
0.900878906,2.08984375,13.0390625,5.812011719,67.43164063,265.8258755265678,858.1428571428571,4.910454546156345
0.900878906,3.16796875,37.2734375,5.812011719,67.43164063,301.3963311156052,826.0,6.070024152006277
0.900878906,3.16796875,13.0390625,3.184082031,67.43164063,243.31232413236413,875.1428571428571,3.6913556924007405
0.900878906,3.16796875,13.0390625,5.812011719,25.18554688,204.97296195218385,828.0,3.4944820935108734
0.900878906,3.16796875,13.0390625,5.812011719,67.43164063,243.31232413236413,875.1428571428571,3.6913556924007405
0.792480469,6.08984375,13.2734375,7.684082031,55.18554688,172.4127895184316,872.0909090909091,4.404941085924256
0.400878906,6.08984375,13.2734375,7.684082031,55.18554688,67.79265578205485,862.2121212121212,0.4204956005260099
0.792480469,7.16796875,13.2734375,7.684082031,55.18554688,151.2264046784265,890.9545454545455,2.9146150311617283
0.792480469,6.08984375,37.0390625,7.684082031,55.18554688,235.12149428120026,806.2272727272727,3.832187168819734
0.792480469,6.08984375,13.2734375,1.312011719,55.18554688,172.4127895184316,872.0909090909091,4.404941085924256
0.792480469,6.08984375,13.2734375,7.684082031,37.43164063,167.17549512482935,854.25,2.9993496806267714
0.792480469,7.16796875,37.0390625,1.312011719,37.43164063,189.3356069519743,791.1875,1.7178885689951326
0.400878906,6.08984375,37.0390625,1.312011719,37.43164063,99.70167807237807,712.8409090909091,0.19721904621758535
0.400878906,7.16796875,13.2734375,1.312011719,37.43164063,74.71909996044391,838.6590909090909,1.4520796087040033
0.400878906,7.16796875,37.0390625,7.684082031,37.43164063,75.34864219698362,834.9318181818181,0.10788178024254974
0.400878906,7.16796875,37.0390625,1.312011719,55.18554688,78.11573184108896,832.439393939394,0.1272037452998106
0.400878906,7.16796875,37.0390625,1.312011719,37.43164063,75.34864219698362,834.9318181818181,0.10788178024254974
0.542480469,4.08984375,49.2734375,5.434082031,70.18554688,125.18938961785425,808.28125,0.2402334680511201
0.150878906,4.08984375,49.2734375,5.434082031,70.18554688,34.15037416182702,731.5762711864406,0.023043867765302168
0.542480469,5.16796875,49.2734375,5.434082031,70.18554688,123.69409250865091,813.78125,0.3155700784114837
0.542480469,4.08984375,49.0390625,5.434082031,70.18554688,125.18938961785425,808.28125,0.2402334680511201
0.542480469,4.08984375,49.2734375,3.562011719,70.18554688,125.18938961785425,808.28125,0.2402334680511201
0.542480469,4.08984375,49.2734375,5.434082031,22.43164063,99.49103134841262,699.7,2.112776462612563
0.542480469,5.16796875,49.0390625,3.562011719,22.43164063,83.26386688266969,797.55,0.6818211737953321
0.150878906,4.08984375,49.0390625,3.562011719,22.43164063,12.234585750702239,534.2894736842105,2.183582533295778
0.150878906,5.16796875,49.2734375,3.562011719,22.43164063,27.05259910337326,755.7631578947369,0.19572837832252823
0.150878906,5.16796875,49.0390625,5.434082031,22.43164063,27.05259910337326,755.7631578947369,0.19572837832252823
0.150878906,5.16796875,49.0390625,3.562011719,70.18554688,29.853703327573776,822.4067796610169,0.02822113267117772
0.150878906,5.16796875,49.0390625,3.562011719,22.43164063,27.05259910337326,755.7631578947369,0.19572837832252823
0.042480469,8.08984375,25.2734375,9.934082031,40.18554688,10.503812124633523,692.0131578947369,0.03574059598585742
0.650878906,8.08984375,25.2734375,9.934082031,40.18554688,142.5744228694476,831.7142857142857,0.7959568281210619
0.042480469,9.16796875,25.2734375,9.934082031,40.18554688,9.365580767356116,847.8421052631579,0.020684077727436505
0.042480469,8.08984375,25.0390625,9.934082031,40.18554688,10.503812124633523,692.0131578947369,0.03574059598585742
0.042480469,8.08984375,25.2734375,8.062011719,40.18554688,10.503812124633523,692.0131578947369,0.03574059598585742
0.042480469,8.08984375,25.2734375,9.934082031,52.43164063,7.811933077398893,659.12,0.029754171271204374
0.042480469,9.16796875,25.0390625,8.062011719,52.43164063,6.94551001633153,847.96,0.0015088927693133883
0.650878906,8.08984375,25.0390625,8.062011719,52.43164063,142.69403280549417,839.7777777777778,1.652676042047131
0.650878906,9.16796875,25.2734375,8.062011719,52.43164063,126.52183252030903,862.1944444444445,1.3938868597122034
0.650878906,9.16796875,25.0390625,9.934082031,52.43164063,126.52183252030903,862.1944444444445,1.3938868597122034
0.650878906,9.16796875,25.0390625,8.062011719,40.18554688,127.89902371702547,860.9642857142857,1.6839553377266556
0.650878906,9.16796875,25.0390625,8.062011719,52.43164063,126.52183252030903,862.1944444444445,1.3938868597122034
0.058105469,2.46484375,8.0234375,5.855957031,52.37304688,10.481654647806819,794.4897959183673,0.016269098407127945
0.510253906,2.46484375,8.0234375,5.855957031,52.37304688,108.47431493622526,825.28,4.355910988728155
0.058105469,5.54296875,8.0234375,5.855957031,52.37304688,9.448778265900971,880.0204081632653,0.13390655144428845
0.058105469,2.46484375,19.7890625,5.855957031,52.37304688,11.430516356093852,653.5408163265306,0.05653587612238765
0.058105469,2.46484375,8.0234375,2.015136719,52.37304688,10.481654647806819,794.4897959183673,0.016269098407127945
0.058105469,2.46484375,8.0234375,5.855957031,27.11914063,14.908196503277946,746.68,0.22711338303842765
0.058105469,5.54296875,19.7890625,2.015136719,27.11914063,14.408209928600513,802.8,0.043178116379811386
0.510253906,2.46484375,19.7890625,2.015136719,27.11914063,119.72613317112335,798.0,0.5214268255186396
0.510253906,5.54296875,8.0234375,2.015136719,27.11914063,94.46232414363581,854.1923076923077,3.0953748892668824
0.510253906,5.54296875,19.7890625,5.855957031,27.11914063,99.83826717272336,834.2692307692307,0.8615865334103063
0.510253906,5.54296875,19.7890625,2.015136719,52.37304688,108.03037290167798,834.32,0.402697802699268
0.510253906,5.54296875,19.7890625,2.015136719,27.11914063,99.83826717272336,834.2692307692307,0.8615865334103063
0.558105469,6.46484375,32.0234375,1.355957031,22.37304688,122.97252982184652,746.65,0.3500882306021922
0.010253906,6.46484375,32.0234375,1.355957031,22.37304688,-1.1304088978001594e-15,475.59090909090907,0.1306231199653156
0.558105469,9.54296875,32.0234375,1.355957031,22.37304688,111.40083641401911,775.3,1.468043263668894
0.558105469,6.46484375,43.7890625,1.355957031,22.37304688,111.88675989898165,709.1,0.6978033559810188
0.558105469,6.46484375,32.0234375,6.515136719,22.37304688,122.97252982184652,746.65,0.3500882306021922
0.558105469,6.46484375,32.0234375,1.355957031,57.11914063,129.9653371148129,819.12,0.5505138384560331
0.558105469,9.54296875,43.7890625,6.515136719,57.11914063,110.3823314133752,858.12,0.32690102945499855
0.010253906,6.46484375,43.7890625,6.515136719,57.11914063,4.020024826928217,463.69642857142856,0.05310823004386473
0.010253906,9.54296875,32.0234375,6.515136719,57.11914063,3.8690734272079914,515.7321428571429,0.0326702770641265
0.010253906,9.54296875,43.7890625,1.355957031,57.11914063,4.611761301268954,317.3125,0.5981449943719075
0.010253906,9.54296875,43.7890625,6.515136719,22.37304688,-7.751375299201092e-15,426.5,18.59494223537286
0.010253906,9.54296875,43.7890625,6.515136719,57.11914063,4.611761301268954,317.3125,0.5981449943719075
0.808105469,4.46484375,20.0234375,8.105957031,37.37304688,181.60623903229518,851.2857142857143,1.7159330879030132
0.260253906,4.46484375,20.0234375,8.105957031,37.37304688,53.97355531826776,810.7592592592592,0.25231006903446573
0.808105469,3.54296875,20.0234375,8.105957031,37.37304688,181.60623903229518,851.2857142857143,1.7159330879030132
0.808105469,4.46484375,31.7890625,8.105957031,37.37304688,190.17352816651854,825.3571428571429,2.905983138228997
0.808105469,4.46484375,20.0234375,8.765136719,37.37304688,181.60623903229518,851.2857142857143,1.7159330879030132
0.808105469,4.46484375,20.0234375,8.105957031,72.11914063,209.86593896246112,857.5714285714286,5.876026400733063
0.808105469,3.54296875,31.7890625,8.765136719,72.11914063,202.64842888046314,856.7857142857143,0.9965278751099
0.260253906,4.46484375,31.7890625,8.765136719,72.11914063,49.209262603698384,811.4622641509434,0.08323139988534758
0.260253906,3.54296875,20.0234375,8.765136719,72.11914063,44.644605942735815,846.6981132075472,0.2621723226328355
0.260253906,3.54296875,31.7890625,8.105957031,72.11914063,49.209262603698384,811.4622641509434,0.08323139988534758
0.260253906,3.54296875,31.7890625,8.765136719,37.37304688,59.55263100623489,778.6851851851852,0.09330543122004496
0.260253906,3.54296875,31.7890625,8.765136719,72.11914063,49.209262603698384,811.4622641509434,0.08323139988534758
0.308105469,8.46484375,44.0234375,3.605957031,67.37304688,82.44713233501307,641.0,0.3001083037013195
0.760253906,8.46484375,44.0234375,3.605957031,67.37304688,208.31693989532687,820.625,2.9889535673782595
0.308105469,7.54296875,44.0234375,3.605957031,67.37304688,82.44713233501307,641.0,0.3001083037013195
0.308105469,8.46484375,7.7890625,3.605957031,67.37304688,40.161035390380725,907.25,1.0805459386403542
0.308105469,8.46484375,44.0234375,4.265136719,67.37304688,82.44713233501307,641.0,0.3001083037013195
0.308105469,8.46484375,44.0234375,3.605957031,42.11914063,69.61676730340311,772.9655172413793,0.11844511020911241
0.308105469,7.54296875,7.7890625,4.265136719,42.11914063,46.78279546950302,885.2931034482758,1.1260295984769566
0.760253906,8.46484375,7.7890625,4.265136719,42.11914063,135.7424929473108,885.15,6.128046222883864
0.760253906,7.54296875,44.0234375,4.265136719,42.11914063,192.90849996043545,807.5,1.4680192870057616
0.760253906,7.54296875,7.7890625,3.605957031,42.11914063,135.7424929473108,885.15,6.128046222883864
0.760253906,7.54296875,7.7890625,4.265136719,67.37304688,140.02037667298126,885.09375,4.000696547791454
0.760253906,7.54296875,7.7890625,4.265136719,42.11914063,135.7424929473108,885.15,6.128046222883864
0.433105469,5.46484375,26.0234375,4.730957031,74.87304688,87.28059828477603,807.4302325581396,0.286203346029907
0.635253906,5.46484375,26.0234375,4.730957031,74.87304688,130.9799312495197,866.074074074074,0.9714595906089779
0.433105469,2.54296875,26.0234375,4.730957031,74.87304688,95.51130617353598,777.0348837209302,0.49468662319515444
0.433105469,5.46484375,37.7890625,4.730957031,74.87304688,94.83468809490498,785.3372093023256,0.17976314143407504
0.433105469,5.46484375,26.0234375,9.890136719,74.87304688,87.28059828477603,807.4302325581396,0.286203346029907
0.433105469,5.46484375,26.0234375,4.730957031,64.61914063,76.5939219466126,864.8243243243244,0.6452639289337495
0.433105469,2.54296875,37.7890625,9.890136719,64.61914063,101.41963286726445,771.3648648648649,0.14639569663534027
0.635253906,5.46484375,37.7890625,9.890136719,64.61914063,129.29640683588147,862.6041666666666,0.9002033234090098
0.635253906,2.54296875,26.0234375,9.890136719,64.61914063,151.72799454919837,826.2708333333334,0.9149687400977454
0.635253906,2.54296875,37.7890625,4.730957031,64.61914063,150.31807723896247,825.25,0.5983645390112983
0.635253906,2.54296875,37.7890625,9.890136719,74.87304688,147.69547135304066,840.5370370370371,0.5892285156350607
0.635253906,2.54296875,37.7890625,9.890136719,64.61914063,150.31807723896247,825.25,0.5983645390112983
0.933105469,9.46484375,2.0234375,9.230957031,44.87304688,220.97872844139454,867.8333333333334,9.251462001361451
0.135253906,9.46484375,2.0234375,9.230957031,44.87304688,24.253042758425092,648.4102564102565,5.510206259946469
0.933105469,6.54296875,2.0234375,9.230957031,44.87304688,234.4510131674988,863.5,9.446904677933686
0.933105469,9.46484375,13.7890625,9.230957031,44.87304688,280.9851225120998,846.5,10.50842893408463
0.933105469,9.46484375,2.0234375,5.390136719,44.87304688,220.97872844139454,867.8333333333334,9.251462001361451
0.933105469,9.46484375,2.0234375,9.230957031,34.61914063,220.91568754887635,876.25,9.017050316405529
0.933105469,6.54296875,13.7890625,5.390136719,34.61914063,224.78969123721643,866.25,9.82652540478297
0.135253906,9.46484375,13.7890625,5.390136719,34.61914063,24.294412336384994,876.8166666666667,0.16962520937058687
0.135253906,6.54296875,2.0234375,5.390136719,34.61914063,28.37549707249072,541.5333333333333,5.80267743329132
0.135253906,6.54296875,13.7890625,9.230957031,34.61914063,25.429331196343444,852.7166666666667,0.10144113462486613
0.135253906,6.54296875,13.7890625,5.390136719,44.87304688,22.304546172351017,849.7179487179487,0.05270308319627797
0.135253906,6.54296875,13.7890625,5.390136719,34.61914063,25.429331196343444,852.7166666666667,0.10144113462486613
0.683105469,3.46484375,38.0234375,2.480957031,29.87304688,158.20503802973053,766.2,0.9956095536059238
0.385253906,3.46484375,38.0234375,2.480957031,29.87304688,96.95212776167968,733.6111111111111,1.6101167130217295
0.683105469,4.54296875,38.0234375,2.480957031,29.87304688,133.78626744491052,805.3,0.8041564012438825
0.683105469,3.46484375,25.7890625,2.480957031,29.87304688,150.55824119840545,806.55,1.2419322575637584
0.683105469,3.46484375,38.0234375,3.140136719,29.87304688,158.20503802973053,766.2,0.9956095536059238
0.683105469,3.46484375,38.0234375,2.480957031,49.61914063,171.11935207512335,808.90625,2.0999588243246063
0.683105469,4.54296875,25.7890625,3.140136719,49.61914063,164.20289028960315,827.6875,0.9712846734562082
0.385253906,3.46484375,25.7890625,3.140136719,49.61914063,86.20873102961966,767.1935483870968,0.12011094761355648
0.385253906,4.54296875,38.0234375,3.140136719,49.61914063,77.27225426570324,825.4193548387096,0.14854648179175126
0.385253906,4.54296875,25.7890625,2.480957031,49.61914063,77.8270326591211,812.4677419354839,0.3235878490098497
0.385253906,4.54296875,25.7890625,3.140136719,29.87304688,78.7763290419323,810.2222222222222,0.519698762735137
0.385253906,4.54296875,25.7890625,3.140136719,49.61914063,77.8270326591211,812.4677419354839,0.3235878490098497
0.183105469,7.46484375,14.0234375,6.980957031,59.87304688,30.007587676040306,851.8877551020408,0.12365513412874092
0.885253906,7.46484375,14.0234375,6.980957031,59.87304688,198.15460585247487,882.2142857142857,5.787341420136797
0.183105469,8.54296875,14.0234375,6.980957031,59.87304688,27.707199136663004,877.1734693877551,0.10624568793640503
0.183105469,7.46484375,49.7890625,6.980957031,59.87304688,38.205505777917786,784.7244897959183,0.032922952248649606
0.183105469,7.46484375,14.0234375,7.640136719,59.87304688,30.007587676040306,851.8877551020408,0.12365513412874092
0.183105469,7.46484375,14.0234375,6.980957031,79.61914063,28.515752402362224,866.6384615384616,0.15245893902658272
0.183105469,8.54296875,49.7890625,7.640136719,79.61914063,48.08865935991564,556.1615384615385,0.09146509191002708
0.885253906,7.46484375,49.7890625,7.640136719,79.61914063,298.7058648778272,835.8333333333334,2.12981119843332
0.885253906,8.54296875,14.0234375,7.640136719,79.61914063,213.6050267847792,882.3888888888889,4.20256468379733
0.885253906,8.54296875,49.7890625,6.980957031,79.61914063,255.63543206209135,851.0,2.0299179642591008
0.885253906,8.54296875,49.7890625,7.640136719,59.87304688,270.5767588345648,821.5714285714286,4.552718224834994
0.885253906,8.54296875,49.7890625,7.640136719,79.61914063,255.63543206209135,851.0,2.0299179642591008
0.245605469,4.96484375,41.0234375,9.793457031,26.12304688,54.131905629113774,575.95,0.34090742447004685
0.822753906,4.96484375,41.0234375,9.793457031,26.12304688,218.33361166967998,732.2,4.272737984864953
0.245605469,2.04296875,41.0234375,9.793457031,26.12304688,53.19277543359478,723.075,0.09735012632210886
0.245605469,4.96484375,34.7890625,9.793457031,26.12304688,48.83497990714288,762.45,0.567951217699218
0.245605469,4.96484375,41.0234375,9.327636719,26.12304688,54.131905629113774,575.95,0.34090742447004685
0.245605469,4.96484375,41.0234375,9.793457031,38.36914063,56.3585368562837,700.8965517241379,0.13539550485045934
0.245605469,2.04296875,34.7890625,9.327636719,38.36914063,62.78123071967694,573.6896551724138,0.21405129915480456
0.822753906,4.96484375,34.7890625,9.327636719,38.36914063,215.26713227719924,814.1428571428571,2.5525839752041994
0.822753906,2.04296875,41.0234375,9.327636719,38.36914063,234.70326987446646,783.2857142857143,4.136068968132735
0.822753906,2.04296875,34.7890625,9.793457031,38.36914063,216.9843201795983,815.2142857142857,1.4921590594695153
0.822753906,2.04296875,34.7890625,9.327636719,26.12304688,212.7654550625829,745.8,0.7756421123259261
0.822753906,2.04296875,34.7890625,9.327636719,38.36914063,216.9843201795983,815.2142857142857,1.4921590594695153
0.745605469,8.96484375,17.0234375,5.293457031,56.12304688,153.9395022651918,869.25,2.5779425866520094
0.322753906,8.96484375,17.0234375,5.293457031,56.12304688,50.04379818456005,873.7236842105264,0.2863756668826255
0.745605469,6.04296875,17.0234375,5.293457031,56.12304688,168.92423578210744,850.5,2.0236217949719855
0.745605469,8.96484375,10.7890625,5.293457031,56.12304688,132.6536762701765,892.5357142857143,2.4786394251412522
0.745605469,8.96484375,17.0234375,4.827636719,56.12304688,153.9395022651918,869.25,2.5779425866520094
0.745605469,8.96484375,17.0234375,5.293457031,68.36914063,139.60076650071713,892.5588235294117,1.5963703853538922
0.745605469,6.04296875,10.7890625,4.827636719,68.36914063,148.31839369807963,883.1470588235294,1.7383426444027443
0.322753906,8.96484375,10.7890625,4.827636719,68.36914063,44.55756665489621,898.3913043478261,0.5284270618750793
0.322753906,6.04296875,17.0234375,4.827636719,68.36914063,54.21397307328973,858.8804347826087,0.20501926002721607
0.322753906,6.04296875,10.7890625,5.293457031,68.36914063,48.03044646948799,887.3478260869565,0.792018507542307
0.322753906,6.04296875,10.7890625,4.827636719,56.12304688,47.44852767695114,895.2236842105264,0.3850321245520398
0.322753906,6.04296875,10.7890625,4.827636719,68.36914063,48.03044646948799,887.3478260869565,0.792018507542307
0.995605469,2.96484375,29.0234375,7.543457031,71.12304688,0,0,7.052349815015843
0.072753906,2.96484375,29.0234375,7.543457031,71.12304688,13.377180025529185,784.3712121212121,0.007589222925173121
0.995605469,4.04296875,29.0234375,7.543457031,71.12304688,0,0,5.877686838540843
0.995605469,2.96484375,22.7890625,7.543457031,71.12304688,0,0,6.227993719167412
0.995605469,2.96484375,29.0234375,2.577636719,71.12304688,0,0,7.052349815015843
0.995605469,2.96484375,29.0234375,7.543457031,53.36914063,0,0,7.65664891142519
0.995605469,4.04296875,22.7890625,2.577636719,53.36914063,0,0,11.194347337537423
0.072753906,2.96484375,22.7890625,2.577636719,53.36914063,15.384707795422258,749.0816326530612,0.020509183768784797
0.072753906,4.04296875,29.0234375,2.577636719,53.36914063,16.49864374216862,648.3367346938776,0.07388476977034673
0.072753906,4.04296875,22.7890625,7.543457031,53.36914063,14.376892563122615,827.8367346938776,0.028894346740262995
0.072753906,4.04296875,22.7890625,2.577636719,71.12304688,14.706970810517959,655.3863636363636,0.01979134162146896
0.072753906,4.04296875,22.7890625,2.577636719,53.36914063,14.376892563122615,827.8367346938776,0.028894346740262995
0.495605469,6.96484375,5.0234375,3.043457031,41.12304688,89.28397325124983,779.0238095238095,2.0929507373259337
0.572753906,6.96484375,5.0234375,3.043457031,41.12304688,111.19672370555753,793.1944444444445,5.276939672537232
0.495605469,8.04296875,5.0234375,3.043457031,41.12304688,95.17394129826037,739.9761904761905,3.9490391557545093
0.495605469,6.96484375,46.7890625,3.043457031,41.12304688,116.93881708963947,765.5714285714286,0.11673792969726088
0.495605469,6.96484375,5.0234375,7.077636719,41.12304688,89.28397325124983,779.0238095238095,2.0929507373259337
0.495605469,6.96484375,5.0234375,3.043457031,23.36914063,98.42969550883818,745.875,4.894093716178653
0.495605469,8.04296875,46.7890625,7.077636719,23.36914063,92.9658122817172,753.5416666666666,0.33156302511147234
0.572753906,6.96484375,46.7890625,7.077636719,23.36914063,109.56039207359292,712.75,2.1671674741754408
0.572753906,8.04296875,5.0234375,7.077636719,23.36914063,119.23518847315665,746.95,15.4765222396255
0.572753906,8.04296875,46.7890625,3.043457031,23.36914063,93.79232915142713,756.0,1.34489327515986
0.572753906,8.04296875,46.7890625,7.077636719,41.12304688,125.14617109329346,802.9166666666666,0.3563757027402919
0.572753906,8.04296875,46.7890625,7.077636719,23.36914063,93.79232915142713,756.0,1.34489327515986
0.370605469,3.96484375,23.0234375,1.918457031,48.62304688,71.59711807809317,835.3548387096774,0.3343634679900923
0.947753906,3.96484375,23.0234375,1.918457031,48.62304688,270.29569006267747,852.3333333333334,7.561541987705764
0.370605469,5.04296875,23.0234375,1.918457031,48.62304688,71.18807562545382,813.3387096774194,0.1967734076740266
0.370605469,3.96484375,16.7890625,1.918457031,48.62304688,66.47713461959574,854.2258064516129,0.29051539113601604
0.370605469,3.96484375,23.0234375,1.452636719,48.62304688,71.59711807809317,835.3548387096774,0.3343634679900923
0.370605469,3.96484375,23.0234375,1.918457031,75.86914063,66.5025245332303,845.8541666666666,0.4275541802600204
0.370605469,5.04296875,16.7890625,1.452636719,75.86914063,64.45948349071072,843.9895833333334,0.5315295826616585
0.947753906,3.96484375,16.7890625,1.452636719,75.86914063,258.76679436223975,883.625,8.418871053138215
0.947753906,5.04296875,23.0234375,1.452636719,75.86914063,306.5027321984523,870.125,5.720314959755421
0.947753906,5.04296875,16.7890625,1.918457031,75.86914063,295.5778334695141,874.25,6.634740929832122
0.947753906,5.04296875,16.7890625,1.452636719,48.62304688,247.4271607925144,870.3333333333334,4.09560403907741
0.947753906,5.04296875,16.7890625,1.452636719,75.86914063,295.5778334695141,874.25,6.634740929832122
0.870605469,7.96484375,47.0234375,6.418457031,78.62304688,262.1641685840753,847.1,2.6334728312224454
0.447753906,7.96484375,47.0234375,6.418457031,78.62304688,105.53937205887983,757.8636363636364,0.14532366808686364
0.870605469,9.04296875,47.0234375,6.418457031,78.62304688,239.4773979635098,855.5,1.6328283936038062
0.870605469,7.96484375,40.7890625,6.418457031,78.62304688,264.0807250260426,852.05,3.876551765131684
0.870605469,7.96484375,47.0234375,5.952636719,78.62304688,262.1641685840753,847.1,2.6334728312224454
0.870605469,7.96484375,47.0234375,6.418457031,45.86914063,235.14301822631228,807.0833333333334,3.8366710206086467
0.870605469,9.04296875,40.7890625,5.952636719,45.86914063,240.64740721643784,804.0,4.216327191363137
0.447753906,7.96484375,40.7890625,5.952636719,45.86914063,95.59973320956729,819.92,0.2546799056268584
0.447753906,9.04296875,47.0234375,5.952636719,45.86914063,111.92796167977754,752.42,0.25919613992151214
0.447753906,9.04296875,40.7890625,6.418457031,45.86914063,97.48979417644178,813.1,0.27513850790967304
0.447753906,9.04296875,40.7890625,5.952636719,78.62304688,105.1307343781639,745.8295454545455,0.3243527862431081
0.447753906,9.04296875,40.7890625,5.952636719,45.86914063,97.48979417644178,813.1,0.27513850790967304
0.620605469,5.96484375,11.0234375,4.168457031,63.62304688,106.85509838875981,888.875,3.2835892846802177
0.197753906,5.96484375,11.0234375,4.168457031,63.62304688,30.85363289281252,892.4607843137255,0.8348567391546317
